{"colorsData": [{"duration": 726, "data": [0.49019607843137253, 0.49019607843137253, 0.49019607843137253]}], "precision": 2, "values": [-100, 0, -71, -65, 27, -69, 14, 71, 65, 69, -59, 39, -50, 50, 59, -39, -27, -14, 70, -6, -66, -25, -70, -13, -12, 68, -18, -61, -37, 67, -24, -53, -47, -35, -62, 55, -45, 36, 25, 13, 100, -8, -94, -34, -77, -64, -9, -75, 99, -17, 98, -87, -49, 97, -26, -99, 94, -98, 17, 48, -88, 51, -86, 18, 76, 77, -92, 38, 92, -38, -67, -55, -46, -54, 61, 54, 45, 34, 12, 150, 139, 57, 148, -148, -57, -106, 106, -73, -131, -140, -150, -139, -112, -129, 141, -51, 116, -95, 149, 145, -172, -200, -185, -187, 200, 185, 172, 162, -162, 187, 175, -146, 146, -141, -97, -175, -32, 197, -33, 199, -16, 194, -90, 188, -133, 154, -127, -174, 102, -197, -164, 625, 2350, 1775, -188, -68, -154, 1200, -173, 193, -52, 33, 96, 152, -130, 2375, 2400, 2388, 2363, -116, -96, -113, -134, 151, -165, 114, 111, -136, 72], "normalsIndex": [0, 1, 1, 0, 1, 1, 0, 1, 1, 0, 1, 1, 0, 1, 1, 0, 1, 1, 0, 1, 1, 0, 1, 1, 0, 1, 1, 0, 1, 1, 0, 1, 1, 0, 1, 1, 0, 1, 1, 0, 1, 1, 0, 1, 1, 0, 1, 1, 0, 1, 1, 0, 1, 1, 0, 1, 1, 0, 1, 1, 0, 1, 1, 0, 1, 1, 0, 1, 1, 0, 1, 1, 0, 1, 1, 0, 1, 1, 0, 1, 1, 0, 1, 1, 0, 1, 1, 0, 1, 1, 0, 1, 1, 0, 1, 1, 0, 1, 1, 0, 1, 1, 0, 1, 1, 0, 1, 1, 0, 1, 1, 0, 1, 1, 0, 1, 1, 0, 1, 1, 0, 1, 1, 0, 1, 1, 0, 1, 1, 0, 1, 1, 0, 1, 1, 0, 1, 1, 0, 1, 1, 0, 1, 1, 0, 1, 1, 0, 1, 1, 0, 1, 1, 0, 1, 1, 0, 1, 1, 0, 1, 1, 2, 2, 1, 2, 3, 4, 2, 5, 6, 2, 2, 1, 2, 3, 4, 2, 2, 1, 2, 7, 1, 2, 8, 4, 2, 9, 6, 2, 7, 1, 2, 8, 4, 2, 7, 1, 2, 2, 1, 2, 2, 1, 2, 2, 1, 2, 2, 1, 2, 2, 1, 2, 2, 1, 2, 7, 1, 2, 7, 1, 2, 9, 6, 2, 7, 1, 2, 8, 4, 2, 7, 1, 2, 2, 1, 2, 5, 6, 2, 2, 1, 2, 7, 1, 2, 7, 1, 2, 8, 4, 2, 3, 4, 2, 10, 11, 2, 12, 13, 2, 8, 4, 2, 14, 11, 2, 13, 13, 2, 10, 11, 2, 12, 13, 2, 12, 13, 2, 14, 11, 2, 13, 13, 2, 13, 13, 2, 12, 13, 2, 15, 14, 2, 16, 8, 2, 13, 13, 2, 11, 14, 2, 4, 8, 2, 15, 14, 2, 16, 8, 2, 16, 8, 2, 11, 14, 2, 4, 8, 2, 4, 8, 2, 16, 8, 2, 17, 9, 2, 1, 7, 2, 4, 8, 2, 6, 9, 2, 1, 7, 2, 17, 9, 2, 1, 7, 2, 1, 7, 2, 6, 9, 2, 1, 7, 2, 1, 7, 2, 5, 6, 2, 3, 4, 2, 3, 4, 2, 9, 6, 2, 8, 4, 2, 8, 4, 2, 2, 1, 2, 2, 1, 2, 2, 1, 2, 2, 1, 2, 2, 1, 2, 2, 1, 2, 9, 6, 2, 7, 1, 2, 8, 4, 2, 2, 1, 2, 3, 4, 2, 5, 6, 2, 3, 4, 2, 3, 4, 2, 10, 11, 2, 8, 4, 2, 8, 4, 2, 14, 11, 2, 3, 4, 2, 12, 13, 2, 10, 11, 2, 8, 4, 2, 13, 13, 2, 14, 11, 2, 12, 13, 2, 12, 13, 2, 15, 14, 2, 13, 13, 2, 13, 13, 2, 11, 14, 2, 12, 13, 2, 16, 8, 2, 15, 14, 2, 13, 13, 2, 4, 8, 2, 11, 14, 2, 16, 8, 2, 16, 8, 2, 17, 9, 2, 4, 8, 2, 4, 8, 2, 6, 9, 2, 16, 8, 2, 1, 7, 2, 17, 9, 2, 4, 8, 2, 1, 7, 2, 6, 9, 2, 7, 1, 2, 7, 1, 2, 18, 19, 2, 7, 1, 2, 7, 1, 2, 18, 19, 2, 2, 1, 2, 20, 21, 2, 22, 23, 2, 2, 1, 2, 20, 21, 2, 2, 1, 2, 18, 24, 2, 18, 19, 2, 18, 24, 2, 7, 1, 2, 18, 19, 2, 18, 19, 2, 2, 1, 2, 2, 1, 2, 22, 23, 2, 2, 1, 2, 20, 21, 2, 2, 1, 2, 25, 26, 2, 18, 24, 2, 25, 26, 2, 18, 19, 2, 18, 24, 2, 18, 19, 2, 2, 1, 2, 2, 1, 2, 20, 21, 2, 18, 19, 2, 7, 1, 2, 7, 1, 2, 7, 1, 2, 7, 1, 2, 18, 19, 2, 20, 21, 2, 27, 28, 2, 20, 21, 2, 25, 26, 2, 29, 30, 2, 29, 30, 2, 18, 24, 2, 25, 26, 2, 18, 24, 2, 20, 21, 2, 27, 28, 2, 31, 32, 2, 25, 26, 2, 29, 30, 2, 25, 26, 2, 31, 32, 2, 33, 34, 2, 31, 32, 2, 29, 30, 2, 35, 36, 2, 29, 30, 2, 31, 32, 2, 33, 34, 2, 33, 34, 2, 29, 30, 2, 35, 36, 2, 35, 36, 2, 33, 34, 2, 24, 22, 2, 33, 34, 2, 35, 36, 2, 37, 27, 2, 35, 36, 2, 33, 34, 2, 24, 22, 2, 24, 22, 2, 35, 36, 2, 37, 27, 2, 37, 27, 2, 24, 22, 2, 1, 2, 2, 24, 22, 2, 37, 27, 2, 38, 20, 2, 37, 27, 2, 24, 22, 2, 1, 2, 2, 39, 22, 2, 37, 27, 2, 38, 20, 2, 39, 22, 2, 22, 23, 2, 20, 21, 2, 20, 21, 2, 22, 23, 2, 2, 1, 2, 20, 21, 2, 20, 21, 2, 31, 32, 2, 27, 28, 2, 27, 28, 2, 31, 32, 2, 31, 32, 2, 24, 22, 2, 39, 22, 2, 1, 2, 2, 37, 27, 2, 39, 22, 2, 38, 20, 2, 1, 2, 2, 39, 22, 2, 39, 22, 2, 38, 20, 2, 39, 22, 2, 39, 22, 1, 40, 1, 1, 40, 1, 1, 40, 41, 1, 40, 1, 1, 40, 1, 1, 40, 41, 1, 0, 1, 1, 0, 1, 1, 42, 43, 1, 42, 43, 1, 44, 45, 1, 42, 33, 1, 40, 1, 1, 40, 1, 1, 40, 41, 1, 40, 1, 1, 40, 46, 1, 40, 41, 1, 0, 1, 1, 0, 1, 1, 42, 43, 1, 44, 45, 1, 42, 33, 1, 47, 20, 1, 40, 46, 1, 48, 49, 1, 40, 41, 1, 50, 26, 1, 40, 46, 1, 48, 49, 1, 42, 43, 1, 0, 1, 1, 42, 33, 1, 12, 51, 1, 47, 20, 1, 52, 51, 1, 50, 26, 1, 53, 21, 1, 48, 49, 1, 53, 54, 1, 50, 26, 1, 53, 21, 1, 44, 45, 1, 12, 51, 1, 47, 20, 1, 12, 51, 1, 49, 55, 1, 52, 51, 1, 53, 54, 1, 56, 43, 1, 53, 21, 1, 56, 43, 1, 53, 54, 1, 56, 43, 1, 26, 57, 1, 49, 55, 1, 58, 55, 1, 52, 51, 1, 26, 57, 1, 49, 55, 1, 59, 60, 1, 61, 62, 1, 63, 57, 1, 56, 43, 1, 64, 3, 1, 65, 45, 1, 61, 62, 1, 59, 60, 1, 64, 3, 1, 26, 57, 1, 63, 57, 1, 58, 55, 1, 40, 41, 1, 40, 1, 1, 40, 1, 1, 61, 62, 1, 65, 45, 1, 64, 3, 1, 59, 60, 1, 58, 55, 1, 63, 57, 1, 42, 43, 1, 0, 1, 1, 0, 1, 1, 0, 1, 1, 0, 1, 1, 42, 43, 1, 56, 43, 1, 65, 45, 1, 56, 43, 1, 0, 1, 1, 0, 1, 1, 66, 67, 1, 0, 1, 1, 0, 1, 1, 66, 67, 1, 68, 67, 1, 7, 7, 1, 68, 67, 1, 40, 1, 1, 68, 67, 1, 40, 1, 1, 0, 1, 1, 66, 67, 1, 66, 67, 1, 2, 7, 1, 2, 7, 1, 69, 68, 1, 7, 7, 1, 68, 67, 1, 7, 7, 1, 68, 67, 1, 40, 1, 1, 40, 1, 1, 2, 7, 1, 2, 7, 1, 66, 67, 1, 2, 7, 1, 69, 68, 1, 69, 68, 1, 7, 7, 1, 67, 68, 1, 67, 68, 1, 40, 1, 1, 40, 1, 1, 68, 67, 1, 69, 68, 1, 1, 40, 1, 1, 40, 1, 69, 68, 1, 69, 68, 1, 1, 40, 1, 1, 40, 1, 67, 68, 1, 67, 68, 1, 7, 7, 1, 67, 68, 1, 7, 7, 1, 66, 67, 1, 0, 1, 1, 0, 1, 1, 1, 40, 1, 1, 40, 1, 67, 68, 1, 2, 7, 1, 66, 67, 1, 66, 67, 1, 68, 67, 1, 40, 1, 1, 68, 67, 1, 68, 67, 1, 40, 1, 1, 40, 1, 1, 66, 67, 1, 0, 1, 1, 0, 1, 7, 2, 1, 7, 3, 4, 7, 5, 6, 7, 2, 1, 7, 3, 4, 7, 2, 1, 7, 7, 1, 7, 8, 4, 7, 9, 6, 7, 7, 1, 7, 8, 4, 7, 7, 1, 7, 2, 1, 7, 2, 1, 7, 5, 6, 7, 2, 1, 7, 3, 4, 7, 2, 1, 7, 7, 1, 7, 7, 1, 7, 9, 6, 7, 7, 1, 7, 8, 4, 7, 7, 1, 7, 2, 1, 7, 2, 1, 7, 3, 4, 7, 7, 1, 7, 7, 1, 7, 8, 4, 7, 3, 4, 7, 10, 11, 7, 12, 13, 7, 8, 4, 7, 14, 11, 7, 13, 13, 7, 10, 11, 7, 12, 13, 7, 12, 13, 7, 14, 11, 7, 13, 13, 7, 13, 13, 7, 12, 13, 7, 15, 14, 7, 12, 13, 7, 13, 13, 7, 11, 14, 7, 13, 13, 7, 12, 13, 7, 15, 14, 7, 16, 8, 7, 13, 13, 7, 11, 14, 7, 4, 8, 7, 16, 8, 7, 17, 9, 7, 16, 8, 7, 4, 8, 7, 6, 9, 7, 4, 8, 7, 16, 8, 7, 17, 9, 7, 1, 7, 7, 4, 8, 7, 6, 9, 7, 1, 7, 7, 5, 6, 7, 3, 4, 7, 3, 4, 7, 9, 6, 7, 8, 4, 7, 8, 4, 7, 5, 6, 7, 2, 1, 7, 3, 4, 7, 9, 6, 7, 7, 1, 7, 8, 4, 7, 3, 4, 7, 3, 4, 7, 10, 11, 7, 8, 4, 7, 8, 4, 7, 14, 11, 7, 3, 4, 7, 12, 13, 7, 10, 11, 7, 8, 4, 7, 13, 13, 7, 14, 11, 7, 12, 13, 7, 16, 8, 7, 15, 14, 7, 13, 13, 7, 4, 8, 7, 11, 14, 7, 15, 14, 7, 16, 8, 7, 16, 8, 7, 11, 14, 7, 4, 8, 7, 4, 8, 7, 16, 8, 7, 1, 7, 7, 17, 9, 7, 4, 8, 7, 1, 7, 7, 6, 9, 7, 17, 9, 7, 1, 7, 7, 1, 7, 7, 6, 9, 7, 1, 7, 7, 1, 7, 7, 7, 1, 7, 7, 1, 7, 18, 19, 7, 7, 1, 7, 7, 1, 7, 18, 19, 7, 2, 1, 7, 70, 30, 7, 70, 30, 7, 2, 1, 7, 70, 30, 7, 2, 1, 7, 18, 24, 7, 18, 19, 7, 18, 24, 7, 7, 1, 7, 18, 19, 7, 18, 19, 7, 2, 1, 7, 2, 1, 7, 70, 30, 7, 2, 1, 7, 70, 30, 7, 2, 1, 7, 25, 26, 7, 18, 24, 7, 25, 26, 7, 18, 19, 7, 18, 24, 7, 18, 19, 7, 2, 1, 7, 2, 1, 7, 70, 30, 7, 18, 19, 7, 7, 1, 7, 7, 1, 7, 7, 1, 7, 7, 1, 7, 18, 19, 7, 70, 30, 7, 70, 30, 7, 71, 36, 7, 25, 26, 7, 29, 30, 7, 29, 30, 7, 18, 24, 7, 25, 26, 7, 18, 24, 7, 70, 30, 7, 71, 36, 7, 71, 36, 7, 25, 26, 7, 29, 30, 7, 25, 26, 7, 71, 36, 7, 72, 73, 7, 71, 36, 7, 29, 30, 7, 74, 33, 7, 29, 30, 7, 71, 36, 7, 72, 73, 7, 33, 27, 7, 29, 30, 7, 74, 33, 7, 75, 72, 7, 33, 27, 7, 30, 70, 7, 33, 27, 7, 75, 72, 7, 76, 71, 7, 75, 72, 7, 33, 27, 7, 30, 70, 7, 24, 22, 7, 75, 72, 7, 76, 71, 7, 77, 34, 7, 24, 22, 7, 78, 22, 7, 24, 22, 7, 77, 34, 7, 78, 22, 7, 77, 34, 7, 24, 22, 7, 78, 22, 7, 78, 22, 7, 77, 34, 7, 78, 22, 7, 78, 22, 7, 71, 36, 7, 33, 27, 7, 72, 73, 7, 29, 30, 7, 75, 72, 7, 74, 33, 7, 72, 73, 7, 33, 27, 7, 33, 27, 7, 74, 33, 7, 75, 72, 7, 75, 72, 7, 33, 27, 7, 24, 22, 7, 30, 70, 7, 75, 72, 7, 77, 34, 7, 76, 71, 7, 30, 70, 7, 24, 22, 7, 24, 22, 7, 76, 71, 7, 77, 34, 7, 77, 34, 40, 1, 1, 40, 1, 1, 40, 1, 1, 40, 1, 1, 40, 1, 1, 40, 1, 1, 40, 1, 1, 40, 1, 1, 40, 1, 1, 40, 1, 1, 40, 1, 1, 40, 1, 1, 40, 1, 1, 40, 1, 1, 40, 1, 1, 40, 1, 1, 40, 1, 1, 40, 1, 1, 40, 1, 1, 40, 1, 1, 40, 1, 1, 40, 1, 1, 40, 1, 1, 40, 1, 1, 40, 1, 1, 40, 