{"colorsData": [{"duration": 360, "data": [0.49019607843137253, 0.49019607843137253, 0.49019607843137253]}], "precision": 2, "values": [0, -100, -71, 71, 100, -92, 38, 92, -38, 350, -4900, 250, 247, -247, 134, 323, -134, -177, 177, -350, -323, -250, 4900, 2450, -2450], "normalsIndex": [0, 0, 1, 0, 0, 1, 0, 0, 1, 0, 0, 1, 0, 0, 1, 0, 0, 1, 0, 0, 1, 0, 0, 1, 0, 0, 1, 0, 0, 1, 0, 0, 1, 0, 0, 1, 0, 0, 1, 0, 0, 1, 0, 0, 1, 0, 0, 1, 0, 0, 1, 0, 0, 1, 0, 0, 1, 0, 0, 1, 0, 0, 1, 0, 0, 1, 0, 0, 1, 0, 0, 1, 0, 0, 1, 0, 0, 1, 0, 0, 1, 0, 0, 1, 0, 0, 1, 0, 0, 1, 0, 0, 1, 0, 0, 1, 0, 0, 1, 0, 0, 1, 0, 0, 1, 0, 0, 1, 0, 0, 1, 0, 0, 1, 0, 0, 1, 0, 0, 1, 0, 0, 1, 0, 0, 1, 0, 0, 1, 0, 0, 1, 0, 0, 1, 0, 0, 1, 0, 0, 1, 0, 0, 1, 0, 0, 1, 0, 0, 1, 0, 0, 1, 0, 0, 1, 0, 0, 1, 0, 0, 1, 0, 0, 1, 0, 0, 1, 0, 0, 1, 0, 0, 1, 0, 0, 1, 0, 0, 1, 0, 0, 1, 0, 0, 1, 0, 0, 1, 0, 0, 1, 0, 0, 1, 0, 0, 1, 0, 0, 1, 0, 0, 1, 0, 0, 1, 0, 0, 1, 0, 0, 1, 0, 0, 1, 2, 3, 0, 1, 0, 0, 2, 3, 0, 1, 0, 0, 2, 3, 0, 1, 0, 0, 4, 0, 0, 4, 0, 0, 3, 3, 0, 3, 3, 0, 4, 0, 0, 3, 3, 0, 2, 3, 0, 0, 4, 0, 0, 4, 0, 2, 3, 0, 1, 0, 0, 1, 0, 0, 3, 3, 0, 4, 0, 0, 4, 0, 0, 3, 3, 0, 0, 4, 0, 3, 3, 0, 2, 3, 0, 0, 4, 0, 2, 3, 0, 3, 3, 0, 0, 4, 0, 0, 4, 0, 2, 3, 0, 1, 0, 0, 1, 0, 0, 3, 3, 0, 4, 0, 0, 4, 0, 0, 3, 3, 0, 4, 0, 0, 4, 0, 0, 2, 3, 0, 1, 0, 0, 1, 0, 0, 3, 2, 0, 4, 0, 0, 3, 2, 0, 4, 0, 0, 3, 2, 0, 4, 0, 0, 1, 0, 0, 1, 0, 0, 2, 2, 0, 2, 2, 0, 1, 0, 0, 2, 2, 0, 3, 2, 0, 0, 1, 0, 0, 1, 0, 3, 2, 0, 4, 0, 0, 4, 0, 0, 2, 2, 0, 1, 0, 0, 1, 0, 0, 2, 2, 0, 0, 1, 0, 2, 2, 0, 3, 2, 0, 0, 1, 0, 3, 2, 0, 2, 2, 0, 0, 1, 0, 0, 1, 0, 3, 2, 0, 4, 0, 0, 4, 0, 0, 2, 2, 0, 1, 0, 0, 1, 0, 0, 2, 2, 0, 1, 0, 0, 1, 0, 0, 3, 2, 0, 4, 0, 0, 4, 0, 0, 0, 0, 4, 0, 0, 4, 0, 0, 4, 0, 0, 4, 0, 0, 4, 0, 0, 4, 0, 0, 4, 0, 0, 4, 0, 0, 4, 0, 0, 4, 0, 0, 4, 0, 0, 4, 0, 0, 4, 0, 0, 4, 0, 0, 4, 0, 0, 4, 0, 0, 4, 0, 0, 4, 0, 0, 4, 0, 0, 4, 0, 0, 4, 0, 0, 4, 0, 0, 4, 0, 0, 4, 0, 0, 4, 0, 0, 4, 0, 0, 4, 0, 0, 4, 0, 0, 4, 0, 0, 4, 0, 0, 4, 0, 0, 4, 0, 0, 4, 0, 0, 4, 0, 0, 4, 0, 0, 4, 0, 0, 4, 0, 0, 4, 0, 0, 4, 0, 0, 4, 0, 0, 4, 0, 0, 4, 0, 0, 4, 0, 0, 4, 0, 0, 4, 0, 0, 4, 0, 0, 4, 0, 0, 4, 0, 0, 4, 0, 0, 4, 0, 0, 4, 0, 0, 4, 0, 0, 4, 0, 0, 4, 0, 0, 4, 0, 0, 4, 0, 0, 4, 0, 0, 4, 0, 0, 4, 0, 0, 4, 0, 0, 4, 0, 0, 4, 0, 0, 4, 0, 0, 4, 0, 0, 4, 0, 0, 4, 0, 0, 4, 0, 0, 4, 0, 0, 4, 0, 0, 4, 0, 0, 4, 0, 0, 4, 1, 0, 0, 5, 6, 0, 1, 0, 0, 4, 0, 0, 4, 0, 0, 7, 6, 0, 7, 6, 0, 4, 0, 0, 7, 6, 0, 5, 6, 0, 1, 0, 0, 5, 6, 0, 5, 6, 0, 1, 0, 0, 1, 0, 0, 4, 0, 0, 4, 0, 0, 7, 6, 0, 3, 3, 0, 7, 6, 0, 3, 3, 0, 8, 7, 0, 2, 3, 0, 8, 7, 0, 1, 0, 0, 1, 0, 0, 5, 6, 0, 7, 6, 0, 3, 3, 0, 7, 6, 0, 3, 3, 0, 6, 7, 0, 3, 3, 0, 8, 7, 0, 0, 4, 0, 8, 7, 0, 5, 6, 0, 2, 3, 0, 5, 6, 0, 0, 4, 0, 6, 7, 0, 0, 4, 0, 3, 3, 0, 6, 7, 0, 6, 7, 0, 0, 4, 0, 8, 7, 0, 0, 4, 0, 2, 3, 0, 8, 7, 0, 2, 3, 0, 6, 7, 0, 0, 4, 0, 6, 7, 0, 5, 6, 0, 1, 0, 0, 1, 0, 0, 4, 0, 0, 4, 0, 0, 7, 6, 0, 7, 6, 0, 4, 0, 0, 4, 0, 0, 2, 3, 0, 5, 6, 0, 2, 3, 0, 4, 0, 0, 7, 8, 0, 4, 0, 0, 1, 0, 0, 1, 0, 0, 5, 8, 0, 5, 8, 0, 1, 0, 0, 5, 8, 0, 7, 8, 0, 4, 0, 0, 7, 8, 0, 7, 8, 0, 4, 0, 0, 4, 0, 0, 1, 0, 0, 1, 0, 0, 5, 8, 0, 2, 2, 0, 5, 8, 0, 2, 2, 0, 6, 5, 0, 3, 2, 0, 6, 5, 0, 4, 0, 0, 4, 0, 0, 7, 8, 0, 5, 8, 0, 2, 2, 0, 5, 8, 0, 2, 2, 0, 8, 5, 0, 2, 2, 0, 6, 5, 0, 0, 1, 0, 6, 5, 0, 7, 8, 0, 3, 2, 0, 7, 8, 0, 0, 1, 0, 8, 5, 0, 0, 1, 0, 2, 2, 0, 8, 5, 0, 8, 5, 0, 0, 1, 0, 6, 5, 0, 0, 1, 0, 3, 2, 0, 6, 5, 0, 3, 2, 0, 8, 5, 0, 0, 1, 0, 8, 5, 0, 7, 8, 0, 4, 0, 0, 4, 0, 0, 1, 0, 0, 1, 0, 0, 5, 8, 0, 5, 8, 0, 1, 0, 0, 1, 0, 0, 3, 2, 0, 7, 8, 0, 3, 2, 0], "pointsIndex": [9, 0, 10, 11, 0, 10, 12, 13, 10, 9, 0, 10, 11, 0, 10, 12, 12, 10, 12, 12, 10, 14, 15, 10, 11, 0, 10, 16, 15, 10, 0, 9, 10, 17, 18, 10, 19, 0, 10, 20, 16, 10, 20, 14, 10, 13, 13, 10, 16, 20, 10, 21, 0, 10, 14, 20, 10, 0, 19, 10, 18, 17, 10, 9, 0, 10, 15, 16, 10, 12, 13, 10, 11, 0, 10, 18, 18, 10, 14, 15, 10, 9, 0, 10, 15, 14, 10, 12, 12, 10, 20, 14, 10, 20, 16, 10, 13, 12, 10, 13, 13, 10, 20, 16, 10, 21, 0, 10, 11, 0, 10, 12, 13, 10, 14, 20, 10, 14, 15, 10, 0, 9, 10, 18, 18, 10, 11, 0, 10, 18, 17, 10, 14, 20, 10, 18, 18, 10, 0, 9, 10, 0, 11, 10, 18, 17, 10, 0, 21, 10, 0, 19, 10, 0, 11, 10, 0, 9, 10, 17, 18, 10, 0, 21, 10, 17, 17, 10, 0, 19, 10, 16, 15, 10, 17, 18, 10, 21, 0, 10, 16, 20, 10, 0, 19, 10, 17, 17, 10, 16, 15, 10, 13, 12, 10, 21, 0, 10, 16, 20, 10, 17, 17, 10, 21, 0, 10, 13, 12, 10, 20, 16, 10, 21, 0, 10, 18, 17, 10, 11, 0, 10, 18, 17, 22, 11, 0, 22, 18, 17, 22, 11, 0, 23, 21, 0, 22, 21, 0, 23, 17, 17, 22, 17, 17, 22, 21, 0, 10, 17, 17, 10, 18, 17, 10, 0, 21, 10, 0, 21, 22, 18, 17, 22, 11, 0, 23, 11, 0, 0, 17, 17, 22, 21, 0, 24, 21, 0, 10, 17, 17, 22, 0, 21, 22, 17, 17, 10, 18, 17, 10, 0, 21, 22, 18, 17, 22, 17, 17, 10, 0, 21, 10, 0, 21, 22, 18, 17, 22, 11, 0, 0, 11, 0, 24, 17, 17, 22, 21, 0, 0, 21, 0, 24, 17, 17, 22, 21, 0, 23, 21, 0, 0, 18, 17, 22, 11, 0, 24, 11, 0, 10, 17, 18, 10, 21, 0, 10, 17, 18, 22, 21, 0, 22, 17, 18, 22, 21, 0, 23, 11, 0, 22, 11, 0, 23, 18, 18, 22, 18, 18, 22, 11, 0, 10, 18, 18, 10, 17, 18, 10, 0, 11, 10, 0, 11, 22, 17, 18, 22, 21, 0, 23, 21, 0, 0, 18, 18, 22, 11, 0, 24, 11, 0, 10, 18, 18, 22, 0, 11, 22, 18, 18, 10, 17, 18, 10, 0, 11, 22, 17, 18, 22, 18, 18, 10, 0, 11, 10, 0, 11, 22, 17, 18, 22, 21, 0, 0, 21, 0, 24, 18, 18, 22, 11, 0, 0, 11, 0, 24, 18, 18, 22, 11, 0, 23, 11, 0, 0, 17, 18, 22, 21, 0, 24, 21, 0, 10, 19, 0, 22, 21, 0, 22, 13, 12, 22, 19, 0, 22, 21, 0, 22, 13, 13, 22, 13, 13, 22, 16, 20, 22, 21, 0, 22, 14, 20, 22, 0, 19, 22, 18, 17, 22, 9, 0, 22, 15, 14, 22, 15, 16, 22, 12, 12, 22, 14, 15, 22, 11, 0, 22, 16, 15, 22, 0, 9, 22, 17, 18, 22, 19, 0, 22, 20, 14, 22, 13, 12, 22, 21, 0, 22, 17, 17, 22, 16, 20, 22, 19, 0, 22, 20, 16, 22, 13, 13, 22, 15, 16, 22, 15, 14, 22, 12, 13, 22, 12, 12, 22, 15, 14, 22, 11, 0, 22, 21, 0, 22, 13, 12, 22, 16, 15, 22, 16, 20, 22, 0, 19, 22, 17, 17, 22, 21, 0, 22, 17, 18, 22, 16, 15, 22, 17, 17, 22, 0, 19, 22, 0, 21, 22, 17, 18, 22, 0, 11, 22, 0, 9, 22, 0, 21, 22, 0, 19, 22, 18, 17, 22, 0, 11, 22, 18, 18, 22, 0, 9, 22, 14, 20, 22, 18, 17, 22, 11, 0, 22, 14, 15, 22, 0, 9, 22, 18, 18, 22, 14, 20, 22, 12, 13, 22, 11, 0, 22, 14, 15, 22, 18, 18, 22, 11, 0, 22, 12, 13, 22, 15, 14, 22, 11, 0, 22, 19, 0, 22, 20, 14, 22, 19, 0, 23, 9, 0, 22, 9, 0, 23, 15, 14, 22, 15, 14, 22, 9, 0, 10, 15, 14, 10, 20, 14, 10, 19, 0, 10, 20, 14, 22, 20, 14, 22, 19, 0, 23, 19, 0, 0, 9, 0, 24, 9, 0, 0, 15, 14, 22, 12, 12, 22, 15, 14, 10, 12, 12, 10, 16, 15, 22, 13, 12, 10, 16, 15, 10, 19, 0, 10, 19, 0, 24, 20, 14, 22, 15, 14, 22, 12, 12, 22, 15, 14, 10, 12, 12, 22, 14, 15, 22, 12, 12, 10, 16, 15, 22, 0, 9, 22, 16, 15, 10, 20, 14, 10, 13, 12, 22, 20, 14, 22, 0, 9, 10, 14, 15, 22, 0, 9, 22, 12, 12, 10, 14, 15, 10, 14, 15, 22, 0, 9, 10, 16, 15, 10, 0, 9, 22, 13, 12, 10, 16, 15, 22, 13, 12, 22, 14, 15, 10, 0, 9, 10, 14, 15, 22, 20, 14, 22, 19, 0, 0, 19, 0, 24, 9, 0, 10, 9, 0, 24, 15, 14, 22, 15, 14, 22, 9, 0, 23, 9, 0, 0, 13, 12, 10, 20, 14, 10, 13, 12, 22, 9, 0, 22, 15, 16, 22, 9, 0, 23, 19, 0, 22, 19, 0, 23, 20, 16, 22, 20, 16, 22, 19, 0, 10, 20, 16, 10, 15, 16, 10, 9, 0, 10, 15, 16, 22, 15, 16, 22, 9, 0, 23, 9, 0, 0, 19, 0, 24, 19, 0, 0, 20, 16, 22, 13, 13, 22, 20, 16, 10, 13, 13, 10, 14, 20, 22, 12, 13, 10, 14, 20, 10, 9, 0, 10, 9, 0, 24, 15, 16, 22, 20, 16, 22, 13, 13, 22, 20, 16, 10, 13, 13, 22, 16, 20, 22, 13, 13, 10, 14, 20, 22, 0, 19, 22, 14, 20, 10, 15, 16, 10, 12, 13, 22, 15, 16, 22, 0, 19, 10, 16, 20, 22, 0, 19, 22, 13, 13, 10, 16, 20, 10, 16, 20, 22, 0, 19, 10, 14, 20, 10, 0, 19, 22, 12, 13, 10, 14, 20, 22, 12, 13, 22, 16, 20, 10, 0, 19, 10, 16, 20, 22, 15, 16, 22, 9, 0, 0, 9, 0, 24, 19, 0, 10, 19, 0, 24, 20, 16, 22, 20, 16, 22, 19, 0, 23, 19, 0, 0, 12, 13, 10, 15, 16, 10, 12, 13, 22], "id": "id1003556", "size": 120}