{"colorsData": [{"duration": 744, "data": [0.49019607843137253, 0.49019607843137253, 0.49019607843137253]}], "precision": 2, "values": [0, 100, 71, -100, -71, -37, 93, -20, 68, -26, 66, -93, 37, -23, -56, 80, -33, 63, -38, -47, 55, -45, -69, 13, -13, 69, -80, 23, -68, 20, 7, -70, 70, -7, -66, 26, -92, 38, 2, -98, -19, 33, -63, 45, -55, 19, -2, -75, 50, -50, 17, -91, 91, -17, 56, 92, 98, 3075, 1600, 3004, 3175, 3146, 2975, 350, 663, 1288, 975, 2725, 2817, 118, 2803, 82, 2828, 90, 3129, 233, 3069, 284, 3050, 221, 2957, 258, 2799, 94, 2854, 102, 3107, 126, 3051, 84, 3098, 156, 2999, 298, 2777, 76, 2901, 133, 3143, 184, 3116, 195, 2981, 276, 2993, 272, 2791, 6, 2765, 2842, -54, 25, 3144, 310, 2985, 247, 2783, 44, 2760, -18, 2917, 57, 2919, 2991, 24, 3018, 158, 2972, 103, 2942, 174, 2973, 3031, 292, 3093, 315, 3043, 32, 2902, 173, 2891, 2880, -41, 2986, 3022, 53, 2922, 153, 2808, -85, 3160, 267, 2846, 3138, 271, 2804, 3141, 229, 2751, 72, 3003, 324, 2798, -31, 2756, 21, 3106, 277, 3054, 319, -3075, -1625, -175, 1275], "normalsIndex": [0, 0, 1, 0, 0, 1, 0, 0, 1, 0, 0, 1, 0, 0, 1, 0, 0, 1, 0, 0, 1, 0, 0, 1, 0, 0, 1, 0, 0, 1, 0, 0, 1, 0, 0, 1, 0, 0, 1, 0, 0, 1, 0, 0, 1, 0, 0, 1, 0, 0, 1, 0, 0, 1, 1, 0, 0, 2, 2, 0, 1, 0, 0, 3, 0, 0, 3, 0, 0, 4, 2, 0, 3, 0, 0, 3, 0, 0, 4, 2, 0, 2, 2, 0, 0, 1, 0, 2, 2, 0, 2, 2, 0, 1, 0, 0, 1, 0, 0, 0, 1, 0, 4, 2, 0, 0, 1, 0, 3, 0, 0, 4, 2, 0, 4, 2, 0, 0, 1, 0, 2, 2, 0, 0, 1, 0, 2, 2, 0, 1, 0, 0, 2, 2, 0, 4, 2, 0, 0, 1, 0, 4, 2, 0, 2, 2, 0, 1, 0, 0, 1, 0, 0, 3, 0, 0, 3, 0, 0, 4, 2, 0, 4, 2, 0, 3, 0, 0, 3, 0, 0, 2, 2, 0, 1, 0, 0, 1, 0, 0, 3, 0, 0, 4, 4, 0, 3, 0, 0, 1, 0, 0, 1, 0, 0, 2, 4, 0, 1, 0, 0, 1, 0, 0, 2, 4, 0, 4, 4, 0, 0, 3, 0, 4, 4, 0, 4, 4, 0, 3, 0, 0, 3, 0, 0, 0, 3, 0, 2, 4, 0, 0, 3, 0, 1, 0, 0, 2, 4, 0, 2, 4, 0, 0, 3, 0, 4, 4, 0, 0, 3, 0, 4, 4, 0, 3, 0, 0, 4, 4, 0, 2, 4, 0, 0, 3, 0, 2, 4, 0, 4, 4, 0, 3, 0, 0, 3, 0, 0, 1, 0, 0, 1, 0, 0, 2, 4, 0, 2, 4, 0, 1, 0, 0, 1, 0, 0, 4, 4, 0, 3, 0, 0, 3, 0, 0, 0, 0, 1, 0, 4, 2, 5, 0, 6, 5, 0, 6, 7, 4, 8, 9, 4, 10, 8, 4, 7, 0, 3, 0, 0, 3, 0, 3, 0, 0, 11, 0, 12, 4, 4, 0, 5, 0, 6, 13, 14, 15, 7, 4, 8, 5, 0, 6, 9, 4, 10, 16, 4, 17, 15, 18, 19, 20, 4, 21, 17, 4, 16, 11, 0, 12, 4, 4, 0, 22, 4, 23, 5, 0, 6, 0, 4, 2, 24, 4, 25, 5, 0, 6, 21, 4, 20, 16, 4, 17, 6, 0, 5, 17, 4, 16, 10, 4, 9, 5, 0, 6, 24, 4, 25, 13, 14, 15, 11, 0, 12, 22, 4, 23, 26, 14, 27, 11, 0, 12, 26, 14, 27, 28, 4, 29, 0, 3, 0, 30, 4, 31, 29, 4, 28, 0, 3, 0, 0, 3, 0, 29, 4, 28, 8, 4, 7, 32, 4, 33, 0, 3, 0, 0, 3, 0, 28, 4, 29, 34, 4, 35, 0, 3, 0, 0, 4, 4, 30, 4, 31, 33, 36, 37, 38, 39, 40, 0, 3, 0, 0, 3, 0, 41, 4, 42, 43, 4, 44, 0, 3, 0, 41, 4, 42, 0, 3, 0, 0, 3, 0, 20, 4, 21, 0, 3, 0, 0, 3, 0, 0, 3, 0, 44, 4, 43, 22, 4, 23, 4, 4, 0, 0, 3, 0, 24, 4, 25, 0, 4, 2, 0, 3, 0, 0, 3, 0, 0, 3, 0, 43, 4, 44, 0, 3, 0, 21, 4, 20, 0, 3, 0, 0, 3, 0, 44, 4, 43, 42, 4, 41, 0, 3, 0, 0, 3, 0, 42, 4, 41, 33, 36, 37, 0, 3, 0, 38, 39, 40, 24, 4, 25, 0, 3, 0, 33, 36, 37, 18, 36, 30, 0, 3, 0, 45, 39, 46, 22, 4, 23, 0, 3, 0, 18, 36, 30, 0, 3, 0, 2, 4, 0, 32, 4, 33, 18, 36, 30, 45, 39, 46, 0, 3, 0, 7, 4, 8, 0, 3, 0, 0, 3, 0, 9, 4, 10, 7, 4, 8, 0, 3, 0, 6, 0, 5, 8, 4, 7, 10, 4, 9, 10, 4, 9, 8, 4, 7, 0, 3, 0, 7, 4, 8, 33, 36, 37, 0, 3, 0, 13, 14, 15, 33, 36, 37, 7, 4, 8, 16, 4, 17, 0, 3, 0, 0, 3, 0, 9, 4, 10, 0, 3, 0, 16, 4, 17, 15, 18, 19, 2, 0, 4, 20, 4, 21, 17, 4, 16, 20, 4, 21, 0, 3, 0, 5, 0, 6, 4, 0, 2, 21, 4, 20, 16, 4, 17, 21, 4, 20, 0, 3, 0, 17, 4, 16, 0, 3, 0, 0, 3, 0, 10, 4, 9, 17, 4, 16, 0, 3, 0, 13, 14, 15, 24, 4, 25, 33, 36, 37, 26, 14, 27, 22, 4, 23, 18, 36, 30, 28, 4, 29, 18, 36, 30, 0, 3, 0, 26, 14, 27, 18, 36, 30, 28, 4, 29, 30, 4, 31, 0, 0, 3, 12, 0, 11, 29, 4, 28, 30, 4, 31, 12, 0, 11, 0, 3, 0, 29, 4, 28, 35, 4, 34, 35, 4, 34, 29, 4, 28, 12, 0, 11, 6, 0, 5, 1, 0, 0, 8, 4, 7, 8, 4, 7, 1, 0, 0, 32, 4, 33, 0, 3, 0, 0, 3, 0, 28, 4, 29, 34, 4, 35, 28, 4, 29, 11, 0, 12, 30, 4, 31, 0, 4, 4, 0, 0, 3, 38, 39, 40, 0, 4, 4, 0, 3, 0, 41, 4, 42, 12, 0, 11, 20, 18, 47, 43, 4, 44, 41, 4, 42, 20, 18, 47, 0, 3, 0, 35, 4, 34, 41, 4, 42, 35, 4, 34, 12, 0, 11, 41, 4, 42, 20, 4, 21, 2, 0, 4, 48, 4, 49, 20, 4, 21, 48, 4, 49, 0, 3, 0, 44, 4, 43, 0, 3, 0, 49, 4, 48, 44, 4, 43, 49, 4, 48, 4, 0, 2, 43, 4, 44, 48, 4, 49, 2, 0, 4, 43, 4, 44, 0, 3, 0, 48, 4, 49, 21, 4, 20, 49, 4, 48, 0, 3, 0, 21, 4, 20, 4, 0, 2, 49, 4, 48, 42, 4, 41, 4, 0, 2, 11, 0, 12, 44, 4, 43, 4, 0, 2, 42, 4, 41, 0, 3, 0, 42, 4, 41, 34, 4, 35, 34, 4, 35, 42, 4, 41, 11, 0, 12, 38, 39, 40, 0, 3, 0, 0, 4, 4, 45, 39, 46, 0, 3, 0, 2, 4, 0, 32, 4, 33, 2, 4, 0, 1, 0, 0, 45, 39, 46, 2, 4, 0, 0, 3, 0, 6, 0, 5, 15, 18, 19, 17, 4, 16, 6, 0, 5, 2, 0, 4, 15, 18, 19, 20, 18, 47, 12, 0, 11, 2, 0, 4, 43, 4, 44, 20, 18, 47, 2, 0, 4, 0, 0, 3, 50, 37, 51, 12, 0, 11, 12, 0, 11, 29, 2, 28, 35, 2, 34, 28, 2, 29, 0, 1, 0, 0, 1, 0, 1, 0, 0, 52, 37, 53, 2, 2, 0, 12, 0, 11, 27, 54, 26, 29, 2, 28, 41, 2, 42, 0, 1, 0, 0, 1, 0, 4, 0, 2, 42, 2, 41, 44, 2, 43, 52, 37, 53, 2, 2, 0, 25, 2, 24, 12, 0, 11, 50, 37, 51, 23, 2, 22, 5, 0, 6, 21, 2, 20, 16, 2, 17, 4, 0, 2, 49, 2, 48, 44, 2, 43, 12, 0, 11, 23, 2, 22, 27, 54, 26, 6, 0, 5, 25, 2, 24, 15, 54, 13, 6, 0, 5, 15, 54, 13, 8, 2, 7, 0, 0, 3, 0, 2, 4, 50, 37, 51, 0, 1, 0, 33, 2, 32, 7, 2, 8, 0, 1, 0, 0, 1, 0, 7, 2, 8, 28, 2, 29, 31, 2, 30, 0, 1, 0, 0, 1, 0, 8, 2, 7, 10, 2, 9, 1, 0, 0, 6, 0, 5, 52, 37, 53, 0, 1, 0, 0, 2, 2, 33, 2, 32, 30, 55, 18, 46, 56, 45, 0, 1, 0, 41, 2, 42, 43, 2, 44, 0, 1, 0, 0, 1, 0, 16, 2, 17, 9, 2, 10, 0, 1, 0, 42, 2, 41, 0, 1, 0, 0, 1, 0, 0, 1, 0, 17, 2, 16, 25, 2, 24, 2, 2, 0, 0, 1, 0, 6, 0, 5, 52, 37, 53, 25, 2, 24, 23, 2, 22, 0, 2, 4, 0, 1, 0, 50, 37, 51, 0, 2, 4, 23, 2, 22, 0, 1, 0, 21, 2, 20, 0, 1, 0, 0, 1, 0, 0, 1, 0, 43, 2, 44, 0, 1, 0, 20, 2, 21, 17, 2, 16, 0, 1, 0, 20, 2, 21, 0, 1, 0, 30, 55, 18, 0, 1, 0, 46, 56, 45, 23, 2, 22, 0, 1, 0, 30, 55, 18, 37, 55, 33, 0, 1, 0, 40, 56, 38, 25, 2, 24, 0, 1, 0, 37, 55, 33, 0, 1, 0, 4, 2, 0, 31, 2, 30, 37, 55, 33, 40, 56, 38, 0, 1, 0, 29, 2, 28, 0, 1, 0, 0, 1, 0, 35, 2, 34, 29, 2, 28, 0, 1, 0, 11, 0, 12, 28, 2, 29, 34, 2, 35, 34, 2, 35, 28, 2, 29, 0, 1, 0, 29, 2, 28, 30, 55, 18, 0, 1, 0, 27, 54, 26, 30, 55, 18, 29, 2, 28, 12, 0, 11, 41, 2, 42, 35, 2, 34, 35, 2, 34, 41, 2, 42, 0, 1, 0, 4, 0, 2, 11, 0, 12, 42, 2, 41, 44, 2, 43, 42, 2, 41, 0, 1, 0, 5, 0, 6, 4, 0, 2, 21, 2, 20, 16, 2, 17, 21, 2, 20, 0, 1, 0, 44, 2, 43, 0, 1, 0, 0, 1, 0, 49, 2, 48, 0, 1, 0, 44, 2, 43, 27, 54, 26, 23, 2, 22, 30, 55, 18, 15, 54, 13, 25, 2, 24, 37, 55, 33, 8, 2, 7, 37, 55, 33, 0, 1, 0, 15, 54, 13, 37, 55, 33, 8, 2, 7, 7, 2, 8, 0, 0, 1, 5, 0, 6, 33, 2, 32, 0, 0, 1, 7, 2, 8, 0, 1, 0, 7, 2, 8, 9, 2, 10, 9, 2, 10, 7, 2, 8, 5, 0, 6, 11, 0, 12, 3, 0, 0, 31, 2, 30, 11, 0, 12, 31, 2, 30, 28, 2, 29, 0, 1, 0, 0, 1, 0, 8, 2, 7, 10, 2, 9, 8, 2, 7, 6, 0, 5, 33, 2, 32, 0, 2, 2, 0, 0, 1, 46, 56, 45, 0, 2, 2, 0, 1, 0, 12, 0, 11, 20, 37, 47, 41, 2, 42, 41, 2, 42, 20, 37, 47, 43, 2, 44, 0, 1, 0, 0, 1, 0, 16, 2, 17, 9, 2, 10, 16, 2, 17, 5, 0, 6, 42, 2, 41, 11, 0, 12, 34, 2, 35, 42, 2, 41, 34, 2, 35, 0, 1, 0, 17, 2, 16, 0, 1, 0, 10, 2, 9, 17, 2, 16, 10, 2, 9, 6, 0, 5, 21, 2, 20, 4, 0, 2, 49, 2, 48, 21, 2, 20, 49, 2, 48, 0, 1, 0, 43, 2, 44, 0, 1, 0, 48, 2, 49, 43, 2, 44, 48, 2, 49, 2, 0, 4, 20, 2, 21, 2, 0, 4, 15, 37, 19, 17, 2, 16, 20, 2, 21, 15, 37, 19, 0, 1, 0, 48, 2, 49, 20, 2, 21, 48, 2, 49, 2, 0, 4, 20, 2, 21, 46, 56, 45, 0, 1, 0, 0, 2, 2, 40, 56, 38, 0, 1, 0, 4, 2, 0, 31, 2, 30, 4, 2, 0, 3, 0, 0, 40, 56, 38, 4, 2, 0, 0, 1, 0, 12, 0, 11, 2, 0, 4, 20, 37, 47, 20, 37, 47, 2, 0, 4, 43, 2, 44, 15, 37, 19, 2, 0, 4, 6, 0, 5, 17, 2, 16, 15, 37, 19, 6, 0, 5, 0, 0, 3, 0, 2, 4, 0, 0, 3, 0, 0, 1, 0, 0, 1, 0, 2, 2, 0, 2, 2, 0, 0, 1, 0, 2, 2, 0, 2, 4, 0, 0, 3, 0, 2, 4, 0, 2, 4, 0, 0, 3, 0, 0, 3, 0, 2, 2, 0, 0, 1, 0, 0, 1, 0, 2, 2, 0, 1, 0, 0, 2, 2, 0, 2, 4, 0, 1, 0, 0, 1, 0, 0, 2, 4, 0, 1, 0, 0, 2, 4, 0, 2, 2, 0, 1, 0, 0, 1, 0, 0, 2, 4, 0, 0, 3, 0, 0, 3, 0, 2, 2, 0, 0, 1, 0, 0, 1, 0, 2, 2, 0, 0, 1, 0, 0, 1, 0, 2, 4, 0, 0, 3, 0, 0, 3, 0, 0, 1, 0, 4, 2, 0, 0, 1, 0, 0, 3, 0, 0, 3, 0, 4, 4, 0, 4, 4, 0, 0, 3, 0, 4, 4, 0, 4, 2, 0, 0, 1, 0, 4, 2, 0, 4, 2, 