{"colorsData": [{"duration": 432, "data": [0.49019607843137253, 0.49019607843137253, 0.49019607843137253]}], "precision": 2, "values": [0, -100, -92, -38, 100, 92, 71, -71, 38, 231, -96, 250, -250, -231, 96, 177, -177, 3170, 2844, 1865, 2518, 2191, 326, 1305, 653, 979, 125, -125, 1725, 1445, 1585], "normalsIndex": [0, 1, 0, 0, 1, 0, 0, 1, 0, 0, 1, 0, 0, 1, 0, 0, 1, 0, 0, 1, 0, 0, 1, 0, 0, 1, 0, 0, 1, 0, 0, 1, 0, 0, 1, 0, 0, 1, 0, 0, 1, 0, 0, 1, 0, 0, 1, 0, 0, 1, 0, 0, 1, 0, 0, 1, 0, 0, 1, 0, 0, 1, 0, 0, 1, 0, 0, 1, 0, 0, 1, 0, 0, 1, 0, 0, 1, 0, 0, 1, 0, 0, 1, 0, 0, 1, 0, 0, 1, 0, 0, 1, 0, 0, 1, 0, 0, 1, 0, 0, 1, 0, 0, 1, 0, 0, 1, 0, 0, 1, 0, 0, 1, 0, 0, 1, 0, 0, 1, 0, 0, 1, 0, 0, 1, 0, 1, 0, 0, 2, 0, 3, 1, 0, 0, 4, 0, 0, 4, 0, 0, 5, 0, 3, 5, 0, 3, 4, 0, 0, 5, 0, 3, 2, 0, 3, 1, 0, 0, 2, 0, 3, 2, 0, 3, 1, 0, 0, 1, 0, 0, 4, 0, 0, 4, 0, 0, 5, 0, 3, 6, 0, 7, 5, 0, 3, 6, 0, 7, 3, 0, 2, 7, 0, 7, 3, 0, 2, 1, 0, 0, 1, 0, 0, 2, 0, 3, 5, 0, 3, 6, 0, 7, 5, 0, 3, 6, 0, 7, 6, 0, 7, 8, 0, 2, 3, 0, 2, 0, 0, 1, 3, 0, 2, 7, 0, 7, 7, 0, 7, 2, 0, 3, 0, 0, 1, 8, 0, 2, 0, 0, 1, 6, 0, 7, 8, 0, 2, 8, 0, 2, 0, 0, 1, 3, 0, 2, 0, 0, 1, 7, 0, 7, 3, 0, 2, 7, 0, 7, 8, 0, 2, 0, 0, 1, 8, 0, 2, 2, 0, 3, 1, 0, 0, 1, 0, 0, 4, 0, 0, 4, 0, 0, 5, 0, 3, 5, 0, 3, 4, 0, 0, 4, 0, 0, 7, 0, 7, 2, 0, 3, 2, 0, 3, 4, 0, 0, 5, 0, 3, 4, 0, 0, 1, 0, 0, 1, 0, 0, 2, 0, 3, 2, 0, 3, 1, 0, 0, 2, 0, 3, 5, 0, 3, 4, 0, 0, 5, 0, 3, 5, 0, 3, 4, 0, 0, 4, 0, 0, 1, 0, 0, 1, 0, 0, 2, 0, 3, 2, 0, 3, 2, 0, 3, 7, 0, 7, 8, 0, 2, 6, 0, 7, 8, 0, 2, 4, 0, 0, 4, 0, 0, 5, 0, 3, 2, 0, 3, 7, 0, 7, 7, 0, 7, 7, 0, 7, 3, 0, 2, 7, 0, 7, 8, 0, 2, 0, 0, 1, 8, 0, 2, 5, 0, 3, 6, 0, 7, 5, 0, 3, 0, 0, 1, 3, 0, 2, 0, 0, 1, 7, 0, 7, 3, 0, 2, 3, 0, 2, 0, 0, 1, 8, 0, 2, 0, 0, 1, 6, 0, 7, 8, 0, 2, 6, 0, 7, 3, 0, 2, 0, 0, 1, 3, 0, 2, 5, 0, 3, 4, 0, 0, 4, 0, 0, 1, 0, 0, 1, 0, 0, 2, 0, 3, 2, 0, 3, 1, 0, 0, 1, 0, 0, 6, 0, 7, 5, 0, 3, 6, 0, 7, 0, 1, 0, 0, 1, 0, 0, 1, 0, 0, 1, 0, 0, 1, 0, 0, 1, 0, 0, 1, 0, 0, 1, 0, 0, 1, 0, 0, 1, 0, 0, 1, 0, 0, 1, 0, 0, 1, 0, 0, 1, 0, 0, 1, 0, 0, 1, 0, 0, 1, 0, 0, 1, 0, 0, 1, 0, 0, 1, 0, 0, 1, 0, 0, 1, 0, 0, 1, 0, 0, 1, 0, 0, 1, 0, 0, 1, 0, 0, 1, 0, 0, 1, 0, 0, 1, 0, 0, 1, 0, 0, 0, 1, 0, 0, 1, 0, 0, 1, 0, 0, 1, 0, 0, 1, 0, 0, 1, 0, 0, 1, 0, 0, 1, 0, 0, 1, 0, 0, 1, 0, 0, 1, 0, 0, 1, 0, 0, 1, 0, 0, 1, 0, 0, 1, 0, 0, 1, 0, 0, 1, 0, 0, 1, 0, 0, 1, 0, 0, 1, 0, 0, 1, 0, 0, 1, 0, 0, 1, 0, 0, 1, 0, 0, 1, 0, 0, 1, 0, 0, 1, 0, 0, 1, 0, 0, 1, 0, 0, 1, 0, 0, 1, 0, 0, 1, 0, 0, 1, 0, 0, 1, 0, 0, 1, 0, 0, 1, 0, 0, 1, 0, 0, 1, 0, 0, 1, 0, 0, 1, 0, 0, 1, 0, 0, 1, 4, 0, 0, 5, 0, 8, 4, 0, 0, 1, 0, 0, 1, 0, 0, 2, 0, 8, 2, 0, 8, 7, 0, 6, 2, 0, 8, 5, 0, 8, 5, 0, 8, 6, 0, 6, 5, 0, 8, 4, 0, 0, 4, 0, 0, 1, 0, 0, 1, 0, 0, 2, 0, 8, 7, 0, 6, 2, 0, 8, 7, 0, 6, 6, 0, 6, 6, 0, 6, 8, 0, 5, 4, 0, 0, 4, 0, 0, 5, 0, 8, 2, 0, 8, 1, 0, 0, 1, 0, 0, 3, 0, 5, 7, 0, 6, 3, 0, 5, 6, 0, 6, 8, 0, 5, 8, 0, 5, 5, 0, 8, 6, 0, 6, 6, 0, 6, 7, 0, 6, 3, 0, 5, 7, 0, 6, 3, 0, 5, 0, 0, 4, 3, 0, 5, 8, 0, 5, 0, 0, 4, 0, 0, 4, 8, 0, 5, 0, 0, 4, 8, 0, 5, 3, 0, 5, 0, 0, 4, 0, 0, 4, 5, 0, 8, 4, 0, 0, 4, 0, 0, 2, 0, 8, 1, 0, 0, 2, 0, 8, 2, 0, 8, 1, 0, 0, 1, 0, 0, 5, 0, 8, 4, 0, 0, 5, 0, 8, 4, 0, 0, 4, 0, 0, 5, 0, 8, 1, 0, 0, 1, 0, 0, 2, 0, 8, 1, 0, 0, 1, 0, 0, 2, 0, 8, 5, 0, 8, 4, 0, 0, 4, 0, 0, 4, 0, 0, 4, 0, 0, 5, 0, 8, 1, 0, 0, 1, 0, 0, 2, 0, 8, 1, 0, 0, 1, 0, 0, 2, 0, 8, 5, 0, 8, 4, 0, 0, 4, 0, 0, 4, 0, 0, 4, 0, 0, 5, 0, 8, 1, 0, 0, 1, 0, 0, 2, 0, 8, 1, 0, 0, 1, 0, 0, 2, 0, 8, 4, 0, 0, 4, 0, 0, 5, 0, 8, 4, 0, 0, 4, 0, 0, 5, 0, 8, 2, 0, 8, 1, 0, 0, 1, 0, 0, 1, 0, 0, 1, 0, 0, 2, 0, 8, 4, 0, 0, 4, 0, 0, 5, 0, 8, 0, 4, 0, 0, 4, 0, 0, 4, 0, 0, 4, 0, 0, 4, 0, 0, 4, 0, 0, 4, 0, 0, 4, 0, 0, 4, 0, 0, 4, 0, 0, 4, 0, 0, 4, 0, 0, 4, 0, 0, 4, 0, 0, 4, 0, 0, 4, 0, 0, 4, 0, 0, 4, 0, 0, 4, 0, 0, 4, 0, 0, 4, 0, 0, 4, 0, 0, 4, 0, 0, 4, 0, 0, 4, 0, 0, 4, 0, 0, 4, 0, 0, 4, 0, 0, 4, 0, 0, 4, 0, 0, 4, 0, 0, 4, 0, 0, 4, 0, 0, 4, 0, 0, 4, 0, 0, 4, 0, 0, 4, 0, 0, 4, 0, 0, 4, 0, 0, 4, 0, 0, 4, 0, 0, 4, 0, 0, 4, 0, 0, 4, 0, 0, 4, 0, 0, 4, 0, 0, 4, 0, 0, 4, 0, 0, 4, 0, 0, 4, 0, 0, 4, 0, 0, 4, 0, 0, 4, 0, 0, 4, 0, 0, 4, 0, 0, 4, 0, 0, 4, 0, 0, 4, 0, 0, 4, 0, 0, 4, 0, 0, 4, 0, 0, 4, 0, 0, 4, 0, 0, 4, 0, 0, 4, 0, 0, 4, 0, 0, 4, 0, 0, 4, 0, 0, 4, 0, 0, 4, 0, 0, 4, 0, 0, 4, 0],