{"colorsData": [{"duration": 828, "data": [0.49019607843137253, 0.49019607843137253, 0.49019607843137253]}], "precision": 2, "values": [0, 100, -100, -98, -20, 98, 92, -38, 83, -56, -92, 71, -71, -83, 56, 38, 20, -2452, 6600, 488, -2500, -488, -2079, 1389, -1389, -1768, -957, 2310, 2452, 2500, 2079, 1768, 957, -2310, 5075, 500, 2025, 3550, 831, 556, 707, 195, 981, -707, -981, 924, 383, -1000, 1000, -831, -556, -195, -383, -924, 6000, 4625, 1875, 3250], "normalsIndex": [0, 1, 0, 0, 1, 0, 0, 1, 0, 0, 1, 0, 0, 1, 0, 0, 1, 0, 0, 1, 0, 0, 1, 0, 0, 1, 0, 0, 1, 0, 0, 1, 0, 0, 1, 0, 0, 1, 0, 0, 1, 0, 0, 1, 0, 0, 1, 0, 0, 1, 0, 0, 1, 0, 0, 1, 0, 0, 1, 0, 0, 1, 0, 0, 1, 0, 0, 1, 0, 0, 1, 0, 0, 1, 0, 0, 1, 0, 0, 1, 0, 0, 1, 0, 0, 1, 0, 0, 1, 0, 0, 1, 0, 0, 1, 0, 0, 1, 0, 0, 1, 0, 0, 1, 0, 0, 1, 0, 0, 1, 0, 0, 1, 0, 0, 1, 0, 0, 1, 0, 0, 1, 0, 0, 1, 0, 0, 1, 0, 0, 1, 0, 0, 1, 0, 0, 1, 0, 0, 1, 0, 0, 1, 0, 0, 1, 0, 0, 1, 0, 0, 1, 0, 0, 1, 0, 0, 1, 0, 0, 1, 0, 0, 1, 0, 0, 1, 0, 0, 1, 0, 0, 1, 0, 0, 1, 0, 0, 1, 0, 0, 1, 0, 0, 1, 0, 0, 1, 0, 0, 1, 0, 0, 1, 0, 0, 1, 0, 0, 1, 0, 0, 1, 0, 0, 1, 0, 0, 1, 0, 0, 1, 0, 0, 1, 0, 0, 1, 0, 0, 1, 0, 0, 1, 0, 0, 1, 0, 0, 1, 0, 0, 1, 0, 0, 1, 0, 0, 1, 0, 0, 1, 0, 0, 1, 0, 0, 1, 0, 0, 1, 0, 0, 1, 0, 0, 1, 0, 0, 1, 0, 0, 1, 0, 0, 1, 0, 0, 1, 0, 2, 0, 0, 3, 0, 4, 2, 0, 0, 1, 0, 0, 5, 0, 4, 5, 0, 4, 1, 0, 0, 5, 0, 4, 1, 0, 0, 3, 0, 4, 2, 0, 0, 3, 0, 4, 3, 0, 4, 2, 0, 0, 2, 0, 0, 6, 0, 7, 5, 0, 4, 5, 0, 4, 8, 0, 9, 6, 0, 7, 8, 0, 9, 10, 0, 7, 3, 0, 4, 10, 0, 7, 2, 0, 0, 2, 0, 0, 3, 0, 4, 6, 0, 7, 6, 0, 7, 5, 0, 4, 8, 0, 9, 11, 0, 12, 8, 0, 9, 12, 0, 12, 9, 0, 13, 12, 0, 12, 3, 0, 4, 10, 0, 7, 3, 0, 4, 6, 0, 7, 8, 0, 9, 6, 0, 7, 11, 0, 12, 8, 0, 9, 11, 0, 12, 7, 0, 10, 9, 0, 13, 7, 0, 10, 10, 0, 7, 10, 0, 7, 13, 0, 9, 11, 0, 12, 14, 0, 13, 11, 0, 12, 14, 0, 13, 11, 0, 12, 14, 0, 13, 7, 0, 10, 4, 0, 3, 7, 0, 10, 10, 0, 7, 13, 0, 9, 13, 0, 9, 1, 0, 0, 1, 0, 0, 5, 0, 4, 14, 0, 13, 15, 0, 10, 14, 0, 13, 4, 0, 3, 7, 0, 10, 4, 0, 3, 13, 0, 9, 12, 0, 12, 13, 0, 9, 16, 0, 3, 15, 0, 10, 16, 0, 3, 14, 0, 13, 15, 0, 10, 15, 0, 10, 0, 0, 2, 4, 0, 3, 0, 0, 2, 9, 0, 13, 12, 0, 12, 9, 0, 13, 4, 0, 3, 0, 0, 2, 4, 0, 3, 15, 0, 10, 16, 0, 3, 15, 0, 10, 0, 0, 2, 16, 0, 3, 0, 0, 2, 9, 0, 13, 7, 0, 10, 9, 0, 13, 16, 0, 3, 0, 0, 2, 16, 0, 3, 3, 0, 4, 2, 0, 0, 2, 0, 0, 5, 0, 4, 1, 0, 0, 1, 0, 0, 5, 0, 4, 1, 0, 0, 1, 0, 0, 12, 0, 12, 13, 0, 9, 12, 0, 12, 0, 2, 0, 0, 2, 0, 0, 2, 0, 0, 2, 0, 0, 2, 0, 0, 2, 0, 0, 2, 0, 0, 2, 0, 0, 2, 0, 0, 2, 0, 0, 2, 0, 0, 2, 0, 0, 2, 0, 0, 2, 0, 0, 2, 0, 0, 2, 0, 0, 2, 0, 0, 2, 0, 0, 2, 0, 0, 2, 0, 0, 2, 0, 0, 2, 0, 0, 2, 0, 0, 2, 0, 0, 2, 0, 0, 2, 0, 0, 2, 0, 0, 2, 0, 0, 2, 0, 0, 2, 0, 0, 2, 0, 0, 2, 0, 0, 2, 0, 0, 2, 0, 0, 2, 0, 0, 2, 0, 0, 2, 0, 0, 2, 0, 0, 2, 0, 0, 2, 0, 0, 2, 0, 0, 2, 0, 0, 2, 0, 0, 2, 0, 0, 2, 0, 0, 2, 0, 0, 2, 0, 0, 2, 0, 0, 2, 0, 0, 2, 0, 0, 2, 0, 0, 2, 0, 0, 2, 0, 0, 2, 0, 0, 2, 0, 0, 2, 0, 0, 2, 0, 0, 2, 0, 0, 2, 0, 0, 2, 0, 0, 2, 0, 0, 2, 0, 0, 2, 0, 0, 2, 0, 0, 2, 0, 0, 2, 0, 0, 2, 0, 0, 2, 0, 0, 2, 0, 0, 2, 0, 0, 2, 0, 0, 2, 0, 0, 2, 0, 0, 2, 0, 0, 2, 0, 0, 2, 0, 0, 2, 0, 0, 2, 0, 0, 2, 0, 0, 2, 0, 0, 2, 0, 0, 2, 0, 0, 2, 0, 0, 2, 0, 0, 2, 0, 0, 2, 0, 0, 2, 0, 0, 2, 0, 0, 2, 0, 0, 2, 0, 0, 2, 0, 0, 2, 0, 0, 2, 0, 0, 2, 0, 0, 2, 0, 0, 2, 0, 0, 2, 0, 0, 2, 0, 0, 2, 0, 0, 2, 0, 0, 2, 0, 0, 2, 0, 0, 2, 0, 0, 2, 0, 0, 2, 0, 0, 2, 0, 0, 2, 0, 0, 2, 0, 0, 2, 0, 0, 2, 0, 0, 2, 0, 0, 2, 0, 0, 2, 0, 0, 2, 0, 0, 2, 0, 0, 2, 0, 0, 2, 0, 0, 2, 0, 0, 2, 0, 0, 2, 0, 0, 2, 0, 0, 2, 0, 0, 2, 0, 0, 2, 0, 0, 2, 0, 0, 2, 0, 0, 2, 0, 0, 2, 0, 0, 2, 0, 0, 2, 0, 0, 2, 0, 0, 2, 0, 0, 2, 0, 0, 2, 0, 0, 2, 0, 0, 2, 0, 0, 2, 0, 0, 2, 0, 0, 2, 0, 0, 2, 0, 0, 2, 0, 0, 2, 0, 0, 2, 0, 0, 2, 0, 0, 2, 0, 0, 2, 0, 0, 2, 0, 0, 2, 0, 0, 2, 0, 0, 2, 0, 0, 2, 0, 0, 2, 0, 0, 2, 0, 0, 2, 0, 0, 2, 0, 0, 2, 0, 0, 2, 0, 0, 2, 0, 0, 2, 0, 0, 2, 0, 0, 2, 0, 0, 2, 0, 0, 2, 0, 0, 2, 0, 0, 2, 0, 0, 2, 0, 0, 2, 0, 0, 2, 0, 0, 2, 0, 0, 2, 0, 0, 2, 0, 0, 2, 0, 0, 2, 0, 0, 2, 0, 0, 2, 0, 0, 2, 0, 0, 2, 0, 0, 2, 0, 0, 2, 0, 0, 2, 0, 0, 2, 0, 0, 2, 0, 0, 2, 0, 0, 2, 0, 0, 2, 0, 0, 2, 0, 0, 2, 0, 0, 2, 0, 0, 2, 0, 0, 2, 0, 0, 2, 0, 0, 2, 0, 1, 0, 0, 5, 0, 16, 1, 0, 0, 2, 0, 0, 3, 0, 16, 3, 0, 16, 2, 0, 0, 3, 0, 16, 2, 0, 0, 5, 0, 16, 1, 0, 0, 5, 0, 16, 5, 0, 16, 1, 0, 0, 1, 0, 0, 10, 0, 15, 3, 0, 16, 3, 0, 16, 13, 0, 14, 10, 0, 15, 13, 0, 14, 6, 0, 15, 5, 0, 16, 6, 0, 15, 1, 0, 0, 1, 0, 0, 5, 0, 16, 10, 0, 15, 10, 0, 15, 3, 0, 16, 13, 0, 14, 12, 0, 11, 13, 0, 14, 11, 0, 11, 14, 0, 8, 11, 0, 11, 5, 0, 16, 6, 0, 15, 5, 0, 16, 10, 0, 15, 13, 0, 14, 10, 0, 15, 12, 0, 11, 13, 0, 14, 12, 0, 11, 15, 0, 6, 14, 0, 8, 15, 0, 6, 6, 0, 15, 6, 0, 15, 8, 0, 14, 12, 0, 11, 9, 0, 8, 12, 0, 11, 9, 0, 8, 12, 0, 11, 9, 0, 8, 15, 0, 6, 16, 0, 5, 15, 0, 6, 6, 0, 15, 8, 0, 14, 8, 0, 14, 2, 0, 0, 2, 0, 0, 3, 0, 16, 9, 0, 8, 7, 0, 6, 9, 0, 8, 16, 0, 5, 15, 0, 6, 16, 0, 5, 8, 0, 14, 11, 0, 11, 8, 0, 14, 4, 0, 5, 7, 0, 6, 4, 0, 5, 9, 0, 8, 7, 0, 6, 7, 0, 6, 0, 0, 1, 16, 0, 5, 0, 0, 1, 14, 0, 8, 11, 0, 11, 14, 0, 8, 16, 0, 5, 0, 0, 1, 16, 0, 5, 7, 0, 6, 4, 0, 5, 7, 0, 6, 0, 0, 1, 4, 0, 5, 0, 0, 1, 14, 0, 8, 15, 0, 6, 14, 0, 8, 4, 0, 5, 0, 0, 1, 4, 0, 5, 5, 0, 16, 1, 0, 0, 1, 0, 0, 3, 0, 16, 2, 0, 0, 2, 0, 0, 3, 0, 16, 2, 0, 0, 2, 0, 0, 11, 0, 11, 8, 0, 14, 11, 0, 11, 3, 0, 4, 2, 0, 0, 3, 0, 4, 2, 0, 0, 3, 0, 4, 2, 0, 0, 1, 0, 0, 5, 0, 4, 5, 0, 4, 1, 0, 0, 5, 0, 4, 1, 0, 0, 10, 0, 7, 3, 0, 4, 10, 0, 7, 3, 0, 4, 2, 0, 0, 2, 0, 0, 5, 0, 4, 6, 0, 7, 5, 0, 4, 8, 0, 9, 6, 0, 7, 8, 0, 9, 12, 0, 12, 9, 0, 13, 12, 0, 12, 2, 0, 0, 2, 0, 0, 3, 0, 4, 6, 0, 7, 5, 0, 4, 6, 0, 7, 11, 0, 12, 8, 0, 9, 8, 0, 9, 7, 0, 10, 9, 0, 13, 7, 0, 10, 3, 0, 4, 10, 0, 7, 3, 0, 4, 6, 0, 7, 8, 0, 9, 6, 0, 7, 11, 0, 12, 11, 0, 12, 8, 0, 9, 7, 0, 10, 4, 0, 3, 7, 0, 10, 10, 0, 7, 10, 0, 7, 13, 0, 9, 11, 0, 12, 14, 0, 13, 11, 0, 12, 14, 0, 13, 11, 0, 12, 14, 0, 13, 4, 0, 3, 7, 0, 10, 4, 0, 3, 10, 0, 7, 13, 0, 9, 13, 0, 9, 1, 0, 0, 1, 0, 0, 5, 0, 4, 14, 0, 13, 15, 0, 10, 14, 0, 13, 4, 0, 3, 4, 0, 3, 0, 0, 2, 13, 0, 9, 12, 0, 12, 13, 0, 9, 16, 0, 3, 15, 0, 10, 16, 0, 3, 14, 0, 13, 15, 0, 10, 15, 0, 10, 0, 0, 2, 16, 0, 3, 0, 0, 2, 9, 0, 13, 12, 0, 12, 9, 0, 13, 4, 0, 3, 0, 0, 2, 0, 0, 2, 15, 0, 10, 16, 0, 3, 15, 0, 10, 9, 0, 13, 7, 0, 10, 9, 0, 13, 16, 0, 3, 0, 0, 2, 16, 0, 3, 3, 0, 4, 2, 0, 0, 2, 0, 0, 5, 0, 4, 1, 0, 0, 1, 0, 0, 5, 0, 4, 1, 0, 0, 1, 0, 0, 12, 0, 12, 13, 0, 9, 12, 0, 12, 5, 0, 16, 1, 0, 0, 5, 0, 16, 1, 0, 0, 5, 0, 16, 1, 0, 0, 2, 0, 0, 3, 0, 16, 3, 0, 16, 2, 0, 0, 3, 0, 16, 2, 0, 0, 6, 0, 15, 5, 0, 16, 6, 0, 15, 5, 0, 16, 1, 0, 0, 1, 0, 0, 3, 0, 16, 10, 0, 15, 3, 0, 16, 13, 0, 14, 10, 0, 15, 13, 0, 14, 11, 0, 11, 14, 0, 8, 11, 0, 11, 1, 0, 0, 1, 0, 0, 5, 0, 16, 10, 0, 15, 3, 0, 16, 10, 0, 15, 12, 0, 11, 13, 0, 14, 13, 0, 14, 14, 0, 8, 14, 0, 8, 15, 0, 6, 5, 0, 16, 6, 0, 15, 5, 0, 16, 10, 0, 15, 13, 0, 14, 10, 0, 15, 12, 0, 11, 12, 0, 11, 13, 0, 14, 15, 0, 6, 16, 0, 5, 15, 0, 6, 6, 0, 15, 8, 0, 14, 6, 0, 15, 12, 0, 11, 9, 0, 8, 12, 0, 11, 9, 0, 8, 12, 0, 11, 9, 0, 8, 16, 0, 5, 15, 0, 6, 16, 0, 5, 8, 0, 14, 6, 0, 15, 8, 0, 14, 2, 0, 0, 2, 0, 0, 3, 0, 16, 9, 0, 8, 7, 0, 6, 9, 0, 8, 16, 0, 5, 16, 0, 5, 0, 0, 1, 8, 0, 14, 11, 0, 11, 8, 0, 14, 4, 0, 5, 7, 0, 6, 4, 0, 5, 9, 0, 8, 7, 0, 6, 7, 0, 6, 0, 0, 1, 4, 0, 5, 0, 0, 1, 14, 0, 8, 11, 0, 11, 14, 0, 8, 16, 0, 5, 0, 0, 1, 0, 0, 1, 7, 0, 6, 4, 0, 5, 7, 0, 6, 14, 0, 8, 15, 0, 6, 15, 0, 6, 4, 0, 5, 0, 0, 1, 4, 0, 5, 5, 0, 16, 1, 0, 0, 1, 0, 0, 3, 0, 16, 2, 0, 0, 2, 0, 0, 3, 0, 16, 2, 0, 0, 2, 0, 0, 11, 0, 11, 8, 0, 14, 11, 0, 11, 0, 2, 0, 0, 2, 0, 0, 2, 0, 0, 2, 0, 0, 2, 0, 0, 2, 0, 0, 2, 0, 0, 2, 0, 0, 2, 0, 0, 2, 0, 0, 2, 0, 0, 2, 0, 0, 2, 0, 0, 2, 0, 0, 2, 0, 0, 2, 0, 0, 2, 0, 0, 2, 0, 0, 2, 0, 0, 2, 0, 0, 2, 0, 0, 2, 0, 0, 2, 0, 0, 2, 0, 0, 2, 0, 0, 2, 0, 0, 2, 0, 0, 2, 0, 0, 2, 0, 0, 2, 0, 0, 2, 0, 0, 2, 0, 0, 2, 0, 0, 2, 0, 0, 2, 0, 0, 2, 0, 0, 2, 0, 0, 2, 0, 0, 2, 0, 0, 2, 0, 0, 2, 0, 0, 2, 0, 0, 2, 0, 0, 2, 0, 0, 2, 0, 0, 2, 0, 0, 2, 0, 0, 2, 0, 0, 2, 0, 0, 2, 0, 0, 2, 0, 0, 2, 0, 0, 2, 0, 0, 2, 0, 0, 2, 0, 0, 2, 0, 0, 2, 0, 0, 2, 0, 0, 2, 0, 0, 2,