{"colorsData": [{"duration": 456, "data": [0.49019607843137253, 0.49019607843137253, 0.49019607843137253]}], "precision": 2, "values": [0, -100, -92, 38, 100, 92, -38, -71, 71, 323, 134, -3100, 247, 350, 96, 231, 177, -134, -96, -350, -323, -247, -231, 250, -250, -177, 3100, 1550, -1550], "normalsIndex": [0, 0, 1, 0, 0, 1, 0, 0, 1, 0, 0, 1, 0, 0, 1, 0, 0, 1, 0, 0, 1, 0, 0, 1, 0, 0, 1, 0, 0, 1, 0, 0, 1, 0, 0, 1, 0, 0, 1, 0, 0, 1, 0, 0, 1, 0, 0, 1, 0, 0, 1, 0, 0, 1, 0, 0, 1, 0, 0, 1, 0, 0, 1, 0, 0, 1, 0, 0, 1, 0, 0, 1, 0, 0, 1, 0, 0, 1, 0, 0, 1, 0, 0, 1, 0, 0, 1, 0, 0, 1, 0, 0, 1, 0, 0, 1, 0, 0, 1, 0, 0, 1, 0, 0, 1, 0, 0, 1, 0, 0, 1, 0, 0, 1, 0, 0, 1, 0, 0, 1, 0, 0, 1, 0, 0, 1, 0, 0, 1, 0, 0, 1, 0, 0, 1, 0, 0, 1, 0, 0, 1, 0, 0, 1, 0, 0, 1, 0, 0, 1, 0, 0, 1, 0, 0, 1, 0, 0, 1, 0, 0, 1, 0, 0, 1, 0, 0, 1, 0, 0, 1, 0, 0, 1, 0, 0, 1, 0, 0, 1, 0, 0, 1, 0, 0, 1, 0, 0, 1, 0, 0, 1, 0, 0, 1, 0, 0, 1, 0, 0, 1, 0, 0, 1, 0, 0, 1, 0, 0, 1, 0, 0, 1, 0, 0, 1, 0, 0, 1, 0, 0, 1, 0, 0, 1, 0, 0, 1, 0, 0, 1, 0, 0, 1, 0, 0, 1, 0, 0, 1, 0, 0, 1, 0, 0, 1, 0, 0, 1, 0, 0, 1, 0, 0, 1, 0, 0, 1, 0, 0, 1, 0, 0, 1, 0, 0, 1, 0, 0, 1, 0, 0, 1, 0, 0, 1, 0, 0, 1, 0, 0, 1, 0, 0, 1, 0, 0, 1, 2, 3, 0, 1, 0, 0, 2, 3, 0, 1, 0, 0, 2, 3, 0, 1, 0, 0, 4, 0, 0, 4, 0, 0, 5, 3, 0, 5, 3, 0, 4, 0, 0, 5, 3, 0, 6, 5, 0, 7, 8, 0, 6, 5, 0, 2, 3, 0, 1, 0, 0, 1, 0, 0, 4, 0, 0, 4, 0, 0, 5, 3, 0, 8, 8, 0, 5, 3, 0, 8, 8, 0, 6, 5, 0, 0, 4, 0, 6, 5, 0, 1, 0, 0, 1, 0, 0, 2, 3, 0, 5, 3, 0, 8, 8, 0, 5, 3, 0, 8, 8, 0, 3, 5, 0, 8, 8, 0, 0, 4, 0, 6, 5, 0, 0, 4, 0, 7, 8, 0, 7, 8, 0, 2, 3, 0, 0, 4, 0, 3, 5, 0, 0, 4, 0, 8, 8, 0, 3, 5, 0, 3, 5, 0, 7, 8, 0, 6, 5, 0, 7, 8, 0, 3, 5, 0, 0, 4, 0, 3, 5, 0, 2, 3, 0, 1, 0, 0, 1, 0, 0, 4, 0, 0, 4, 0, 0, 5, 3, 0, 5, 3, 0, 4, 0, 0, 4, 0, 0, 7, 8, 0, 2, 3, 0, 2, 3, 0, 5, 6, 0, 4, 0, 0, 5, 6, 0, 4, 0, 0, 5, 6, 0, 4, 0, 0, 1, 0, 0, 1, 0, 0, 2, 6, 0, 2, 6, 0, 1, 0, 0, 2, 6, 0, 3, 2, 0, 8, 7, 0, 3, 2, 0, 5, 6, 0, 4, 0, 0, 4, 0, 0, 1, 0, 0, 1, 0, 0, 2, 6, 0, 7, 7, 0, 2, 6, 0, 7, 7, 0, 3, 2, 0, 0, 1, 0, 3, 2, 0, 4, 0, 0, 4, 0, 0, 5, 6, 0, 2, 6, 0, 7, 7, 0, 2, 6, 0, 7, 7, 0, 6, 2, 0, 7, 7, 0, 0, 1, 0, 3, 2, 0, 0, 1, 0, 8, 7, 0, 8, 7, 0, 5, 6, 0, 0, 1, 0, 6, 2, 0, 0, 1, 0, 7, 7, 0, 6, 2, 0, 6, 2, 0, 8, 7, 0, 3, 2, 0, 8, 7, 0, 6, 2, 0, 0, 1, 0, 6, 2, 0, 5, 6, 0, 4, 0, 0, 4, 0, 0, 1, 0, 0, 1, 0, 0, 2, 6, 0, 2, 6, 0, 1, 0, 0, 1, 0, 0, 8, 7, 0, 5, 6, 0, 5, 6, 0, 0, 0, 4, 0, 0, 4, 0, 0, 4, 0, 0, 4, 0, 0, 4, 0, 0, 4, 0, 0, 4, 0, 0, 4, 0, 0, 4, 0, 0, 4, 0, 0, 4, 0, 0, 4, 0, 0, 4, 0, 0, 4, 0, 0, 4, 0, 0, 4, 0, 0, 4, 0, 0, 4, 0, 0, 4, 0, 0, 4, 0, 0, 4, 0, 0, 4, 0, 0, 4, 0, 0, 4, 0, 0, 4, 0, 0, 4, 0, 0, 4, 0, 0, 4, 0, 0, 4, 0, 0, 4, 0, 0, 4, 0, 0, 4, 0, 0, 4, 0, 0, 4, 0, 0, 4, 0, 0, 4, 0, 0, 4, 0, 0, 4, 0, 0, 4, 0, 0, 4, 0, 0, 4, 0, 0, 4, 0, 0, 4, 0, 0, 4, 0, 0, 4, 0, 0, 4, 0, 0, 4, 0, 0, 4, 0, 0, 4, 0, 0, 4, 0, 0, 4, 0, 0, 4, 0, 0, 4, 0, 0, 4, 0, 0, 4, 0, 0, 4, 0, 0, 4, 0, 0, 4, 0, 0, 4, 0, 0, 4, 0, 0, 4, 0, 0, 4, 0, 0, 4, 0, 0, 4, 0, 0, 4, 0, 0, 4, 0, 0, 4, 0, 0, 4, 0, 0, 4, 0, 0, 4, 0, 0, 4, 0, 0, 4, 0, 0, 4, 0, 0, 4, 0, 0, 4, 0, 0, 4, 0, 0, 4, 0, 0, 4, 0, 0, 4, 0, 0, 4, 0, 0, 4, 0, 0, 4, 0, 0, 4, 0, 0, 4, 0, 0, 4, 0, 0, 4, 0, 0, 4, 0, 0, 4, 0, 0, 4, 0, 0, 4, 0, 0, 4, 0, 0, 4, 0, 0, 4, 0, 0, 4, 0, 0, 4, 0, 0, 4, 1, 0, 0, 2, 3, 0, 1, 0, 0, 4, 0, 0, 4, 0, 0, 5, 3, 0, 5, 3, 0, 4, 0, 0, 5, 3, 0, 2, 3, 0, 1, 0, 0, 2, 3, 0, 2, 3, 0, 1, 0, 0, 1, 0, 0, 4, 0, 0, 4, 0, 0, 5, 3, 0, 8, 8, 0, 5, 3, 0, 8, 8, 0, 6, 5, 0, 7, 8, 0, 6, 5, 0, 1, 0, 0, 1, 0, 0, 2, 3, 0, 5, 3, 0, 8, 8, 0, 5, 3, 0, 8, 8, 0, 3, 5, 0, 8, 8, 0, 6, 5, 0, 0, 4, 0, 6, 5, 0, 2, 3, 0, 7, 8, 0, 2, 3, 0, 0, 4, 0, 3, 5, 0, 0, 4, 0, 8, 8, 0, 3, 5, 0, 3, 5, 0, 0, 4, 0, 6, 5, 0, 0, 4, 0, 7, 8, 0, 6, 5, 0, 7, 8, 0, 3, 5, 0, 0, 4, 0, 3, 5, 0, 2, 3, 0, 1, 0, 0, 1, 0, 0, 4, 0, 0, 4, 0, 0, 5, 3, 0, 5, 3, 0, 4, 0, 0, 4, 0, 0, 7, 8, 0, 2, 3, 0, 7, 8, 0, 4, 0, 0, 5, 6, 0, 4, 0, 0, 1, 0, 0, 1, 0, 0, 2, 6, 0, 2, 6, 0, 1, 0, 0, 2, 6, 0, 5, 6, 0, 4, 0, 0, 5, 6, 0, 5, 6, 0, 4, 0, 0, 4, 0, 0, 1, 0, 0, 1, 0, 0, 2, 6, 0, 7, 7, 0, 2, 6, 0, 7, 7, 0, 3, 2, 0, 8, 7, 0, 3, 2, 0, 4, 0, 0, 4, 0, 0, 5, 6, 0, 2, 6, 0, 7, 7, 0, 2, 6, 0, 7, 7, 0, 6, 2, 0, 7, 7, 0, 3, 2, 0, 0, 1, 0, 3, 2, 0, 5, 6, 0, 8, 7, 0, 5, 6, 0, 0, 1, 0, 6, 2, 0, 0, 1, 0, 7, 7, 0, 6, 2, 0, 6, 2, 0, 0, 1, 0, 3, 2, 0, 0, 1, 0, 8, 7, 0, 3, 2, 0, 8, 7, 0, 6, 2, 0, 0, 1, 0, 6, 2, 0, 5, 6, 0, 4, 0, 0, 4, 0, 0, 1, 0, 0, 1, 0, 0, 2, 6, 0, 2, 6, 0, 1, 0, 0, 1, 0, 0, 8, 7, 0, 5, 6, 0, 8, 7, 0],