{"colorsData": [{"duration": 840, "data": [0.49019607843137253, 0.49019607843137253, 0.49019607843137253]}], "precision": 2, "values": [0, -100, -98, -20, 100, 98, -92, -38, 92, -83, -56, 83, -71, 71, 56, 38, 20, 579, -115, 590, 185, -77, -39, -196, 491, -328, 417, -417, 115, -579, 226, -545, -226, -590, 328, -491, -111, -166, -141, -185, 77, 545, 111, 166, 39, -200, 196, 200, 141, 48, 190, 143, 95], "normalsIndex": [0, 1, 0, 0, 1, 0, 0, 1, 0, 0, 1, 0, 0, 1, 0, 0, 1, 0, 0, 1, 0, 0, 1, 0, 0, 1, 0, 0, 1, 0, 0, 1, 0, 0, 1, 0, 0, 1, 0, 0, 1, 0, 0, 1, 0, 0, 1, 0, 0, 1, 0, 0, 1, 0, 0, 1, 0, 0, 1, 0, 0, 1, 0, 0, 1, 0, 0, 1, 0, 0, 1, 0, 0, 1, 0, 0, 1, 0, 0, 1, 0, 0, 1, 0, 0, 1, 0, 0, 1, 0, 0, 1, 0, 0, 1, 0, 0, 1, 0, 0, 1, 0, 0, 1, 0, 0, 1, 0, 0, 1, 0, 0, 1, 0, 0, 1, 0, 0, 1, 0, 0, 1, 0, 0, 1, 0, 0, 1, 0, 0, 1, 0, 0, 1, 0, 0, 1, 0, 0, 1, 0, 0, 1, 0, 0, 1, 0, 0, 1, 0, 0, 1, 0, 0, 1, 0, 0, 1, 0, 0, 1, 0, 0, 1, 0, 0, 1, 0, 0, 1, 0, 0, 1, 0, 0, 1, 0, 0, 1, 0, 0, 1, 0, 0, 1, 0, 0, 1, 0, 0, 1, 0, 0, 1, 0, 0, 1, 0, 0, 1, 0, 0, 1, 0, 0, 1, 0, 0, 1, 0, 0, 1, 0, 0, 1, 0, 0, 1, 0, 0, 1, 0, 0, 1, 0, 0, 1, 0, 0, 1, 0, 0, 1, 0, 0, 1, 0, 0, 1, 0, 0, 1, 0, 0, 1, 0, 0, 1, 0, 0, 1, 0, 0, 1, 0, 0, 1, 0, 0, 1, 0, 0, 1, 0, 0, 1, 0, 0, 1, 0, 0, 1, 0, 0, 1, 0, 0, 1, 0, 0, 1, 0, 0, 1, 0, 0, 1, 0, 0, 1, 0, 0, 1, 0, 0, 1, 0, 0, 1, 0, 0, 1, 0, 0, 1, 0, 0, 1, 0, 0, 1, 0, 0, 1, 0, 0, 1, 0, 0, 1, 0, 0, 1, 0, 0, 1, 0, 0, 1, 0, 0, 1, 0, 0, 1, 0, 0, 1, 0, 0, 1, 0, 0, 1, 0, 0, 1, 0, 0, 1, 0, 0, 1, 0, 0, 1, 0, 0, 1, 0, 0, 1, 0, 0, 1, 0, 0, 1, 0, 0, 1, 0, 0, 1, 0, 0, 1, 0, 0, 1, 0, 0, 1, 0, 0, 1, 0, 0, 1, 0, 0, 1, 0, 0, 1, 0, 0, 1, 0, 0, 1, 0, 0, 1, 0, 0, 1, 0, 0, 1, 0, 0, 1, 0, 0, 1, 0, 0, 1, 0, 0, 1, 0, 0, 1, 0, 0, 1, 0, 0, 1, 0, 0, 1, 0, 0, 1, 0, 0, 1, 0, 0, 1, 0, 0, 1, 0, 0, 1, 0, 0, 1, 0, 0, 1, 0, 0, 1, 0, 0, 1, 0, 0, 1, 0, 0, 1, 0, 0, 1, 0, 0, 1, 0, 0, 1, 0, 0, 1, 0, 0, 1, 0, 0, 1, 0, 0, 1, 0, 0, 1, 0, 0, 1, 0, 0, 1, 0, 0, 1, 0, 0, 1, 0, 0, 1, 0, 0, 1, 0, 0, 1, 0, 0, 1, 0, 0, 1, 0, 0, 1, 0, 0, 1, 0, 0, 1, 0, 0, 1, 0, 0, 1, 0, 0, 1, 0, 0, 1, 0, 0, 1, 0, 0, 1, 0, 0, 1, 0, 0, 1, 0, 0, 1, 0, 0, 1, 0, 0, 1, 0, 0, 1, 0, 0, 1, 0, 0, 1, 0, 0, 1, 0, 0, 1, 0, 1, 0, 0, 1, 0, 0, 2, 0, 3, 2, 0, 3, 1, 0, 0, 2, 0, 3, 4, 0, 0, 4, 0, 0, 5, 0, 3, 5, 0, 3, 4, 0, 0, 5, 0, 3, 1, 0, 0, 1, 0, 0, 2, 0, 3, 6, 0, 7, 2, 0, 3, 6, 0, 7, 4, 0, 0, 4, 0, 0, 5, 0, 3, 8, 0, 7, 5, 0, 3, 8, 0, 7, 2, 0, 3, 6, 0, 7, 2, 0, 3, 6, 0, 7, 6, 0, 7, 9, 0, 10, 5, 0, 3, 8, 0, 7, 5, 0, 3, 8, 0, 7, 11, 0, 10, 8, 0, 7, 12, 0, 12, 9, 0, 10, 12, 0, 12, 6, 0, 7, 9, 0, 10, 9, 0, 10, 11, 0, 10, 11, 0, 10, 13, 0, 12, 8, 0, 7, 11, 0, 10, 11, 0, 10, 7, 0, 6, 10, 0, 9, 7, 0, 6, 9, 0, 10, 12, 0, 12, 9, 0, 10, 14, 0, 9, 14, 0, 9, 15, 0, 6, 11, 0, 10, 13, 0, 12, 13, 0, 12, 7, 0, 6, 3, 0, 2, 7, 0, 6, 12, 0, 12, 10, 0, 9, 12, 0, 12, 15, 0, 6, 16, 0, 2, 15, 0, 6, 13, 0, 12, 14, 0, 9, 13, 0, 12, 3, 0, 2, 7, 0, 6, 3, 0, 2, 10, 0, 9, 12, 0, 12, 10, 0, 9, 16, 0, 2, 15, 0, 6, 16, 0, 2, 14, 0, 9, 13, 0, 12, 14, 0, 9, 3, 0, 2, 0, 0, 1, 0, 0, 1, 10, 0, 9, 7, 0, 6, 10, 0, 9, 16, 0, 2, 0, 0, 1, 0, 0, 1, 14, 0, 9, 15, 0, 6, 15, 0, 6, 2, 0, 3, 1, 0, 0, 1, 0, 0, 2, 0, 3, 1, 0, 0, 1, 0, 0, 5, 0, 3, 4, 0, 0, 4, 0, 0, 5, 0, 3, 4, 0, 0, 4, 0, 0, 3, 0, 2, 0, 0, 1, 3, 0, 2, 16, 0, 2, 0, 0, 1, 16, 0, 2, 4, 0, 0, 4, 0, 0, 5, 0, 16, 5, 0, 16, 4, 0, 0, 5, 0, 16, 1, 0, 0, 1, 0, 0, 2, 0, 16, 2, 0, 16, 1, 0, 0, 2, 0, 16, 4, 0, 0, 4, 0, 0, 5, 0, 16, 8, 0, 15, 5, 0, 16, 8, 0, 15, 1, 0, 0, 1, 0, 0, 2, 0, 16, 6, 0, 15, 2, 0, 16, 6, 0, 15, 5, 0, 16, 8, 0, 15, 5, 0, 16, 8, 0, 15, 8, 0, 15, 11, 0, 14, 2, 0, 16, 6, 0, 15, 2, 0, 16, 6, 0, 15, 6, 0, 15, 9, 0, 14, 13, 0, 13, 11, 0, 14, 13, 0, 13, 8, 0, 15, 11, 0, 14, 11, 0, 14, 9, 0, 14, 9, 0, 14, 12, 0, 13, 6, 0, 15, 9, 0, 14, 9, 0, 14, 15, 0, 8, 14, 0, 11, 15, 0, 8, 11, 0, 14, 13, 0, 13, 11, 0, 14, 10, 0, 11, 10, 0, 11, 7, 0, 8, 9, 0, 14, 12, 0, 13, 12, 0, 13, 15, 0, 8, 16, 0, 5, 15, 0, 8, 14, 0, 11, 13, 0, 13, 13, 0, 13, 7, 0, 8, 3, 0, 5, 7, 0, 8, 12, 0, 13, 10, 0, 11, 12, 0, 13, 16, 0, 5, 15, 0, 8, 16, 0, 5, 14, 0, 11, 14, 0, 11, 13, 0, 13, 3, 0, 5, 7, 0, 8, 3, 0, 5, 10, 0, 11, 12, 0, 13, 10, 0, 11, 16, 0, 5, 0, 0, 4, 0, 0, 4, 14, 0, 11, 15, 0, 8, 14, 0, 11, 3, 0, 5, 0, 0, 4, 0, 0, 4, 10, 0, 11, 7, 0, 8, 7, 0, 8, 5, 0, 16, 4, 0, 0, 4, 0, 0, 5, 0, 16, 4, 0, 0, 4, 0, 0, 2, 0, 16, 1, 0, 0, 1, 0, 0, 2, 0, 16, 1, 0, 0, 1, 0, 0, 16, 0, 5, 0, 0, 4, 16, 0, 5, 3, 0, 5, 0, 0, 4, 3, 0, 5, 0, 4, 0, 0, 4, 0, 0, 4, 0, 0, 4, 0, 0, 4, 0, 0, 4, 0, 0, 4, 0, 0, 4, 0, 0, 4, 0, 0, 4, 0, 0, 4, 0, 0, 4, 0, 0, 4, 0, 0, 4, 0, 0, 4, 0, 0, 4, 0, 0, 4, 0, 0, 4, 0, 0, 4, 0, 0, 4, 0, 0, 4, 0, 0, 4, 0, 0, 4, 0, 0, 4, 0, 0, 4, 0, 0, 4, 0, 0, 4, 0, 0, 4, 0, 0, 4, 0, 0, 4, 0, 0, 4, 0, 0, 4, 0, 0, 4, 0, 0, 4, 0, 0, 4, 0, 0, 4, 0, 0, 4, 0, 0, 4, 0, 0, 4, 0, 0, 4, 0, 0, 4, 0, 0, 4, 0, 0, 4, 0, 0, 4, 0, 0, 4, 0, 0, 4, 0, 0, 4, 0, 0, 4, 0, 0, 4, 0, 0, 4, 0, 0, 4, 0, 0, 4, 0, 0, 4, 0, 0, 4, 0, 0, 4, 0, 0, 4, 0, 0, 4, 0, 0, 4, 0, 0, 4, 0, 0, 4, 0, 0, 4, 0, 0, 4, 0, 0, 4, 0, 0, 4, 0, 0, 4, 0, 0, 4, 0, 0, 4, 0, 0, 4, 0, 0, 4, 0, 0, 4, 0, 0, 4, 0, 0, 4, 0, 0, 4, 0, 0, 4, 0, 0, 4, 0, 0, 4, 0, 0, 4, 0, 0, 4, 0, 0, 4, 0, 0, 4, 0, 0, 4, 0, 0, 4, 0, 0, 4, 0, 0, 4, 0, 0, 4, 0, 0, 4, 0, 0, 4, 0, 0, 4, 0, 0, 4, 0, 0, 4, 0, 0, 4, 0, 0, 4, 0, 0, 4, 0, 0, 4, 0, 0, 4, 0, 0, 4, 0, 0, 4, 0, 0, 4, 0, 0, 4, 0, 0, 4, 0, 0, 4, 0, 0, 4, 0, 0, 4, 0, 0, 4, 0, 0, 4, 0, 0, 4, 0, 0, 4, 0, 0, 4, 0, 0, 4, 0, 0, 4, 0, 0, 4, 0, 0, 4, 0, 0, 4, 0, 0, 4, 0, 0, 4, 0, 0, 4, 0, 0, 4, 0, 0, 4, 0, 0, 4, 0, 0, 4, 0, 0, 4, 0, 0, 4, 0, 0, 4, 0, 0, 4, 0, 0, 4, 0, 0, 4, 0, 0, 4, 0, 0, 4, 0, 0, 4, 0, 0, 4, 0, 0, 4, 0, 0, 4, 0, 0, 4, 0, 0, 4, 0, 0, 4, 0, 0, 4, 0, 0, 4, 0, 0, 4, 0, 0, 4, 0, 0, 4, 0, 0, 4, 0, 0, 4, 0, 0, 4, 0, 0, 4, 0, 0, 4, 0, 0, 4, 0, 0, 4, 0, 0, 4, 0, 0, 4, 0, 0, 4, 0, 0, 4, 0, 0, 4, 0, 0, 4, 0, 0, 4, 0, 0, 4, 0, 0, 4, 0, 0, 4, 0, 0, 4, 0, 0, 4, 0, 0, 4, 0, 0, 4, 0, 0, 4, 0, 0, 4, 0, 0, 4, 0, 0, 4, 0, 0, 4, 0, 0, 4, 0, 0, 4, 0, 0, 4, 0, 0, 4, 0, 0, 4, 0, 0, 4, 0, 0, 4, 0, 0, 4, 0, 0, 4, 0, 0, 4, 0, 0, 4, 0, 0, 4, 0, 0, 4, 0, 0, 4, 0, 0, 4, 0, 0, 4, 0, 0, 4, 0, 0, 4, 0, 0, 4, 0, 0, 4, 0, 0, 4, 0, 0, 4, 0, 0, 4, 0, 0, 4, 0, 0, 4, 0, 0, 4, 0, 1, 0, 0, 2, 0, 3, 1, 0, 0, 4, 0, 0, 4, 0, 0, 5, 0, 3, 5, 0, 3, 4, 0, 0, 5, 0, 3, 2, 0, 3, 1, 0, 0, 2, 0, 3, 2, 0, 3, 1, 0, 0, 1, 0, 0, 4, 0, 0, 4, 0, 0, 5, 0, 3, 8, 0, 7, 5, 0, 3, 8, 0, 7, 6, 0, 7, 2, 0, 3, 6, 0, 7, 2, 0, 3, 6, 0, 7, 2, 0, 3, 5, 0, 3, 8, 0, 7, 5, 0, 3, 8, 0, 7, 11, 0, 10, 8, 0, 7, 6, 0, 7, 9, 0, 10, 9, 0, 10, 6, 0, 7, 9, 0, 10, 6, 0, 7, 13, 0, 12, 11, 0, 10, 13, 0, 12, 8, 0, 7, 11, 0, 10, 11, 0, 10, 12, 0, 12, 9, 0, 10, 9, 0, 10, 10, 0, 9, 12, 0, 12, 10, 0, 9, 15, 0, 6, 14, 0, 9, 15, 0, 6, 11, 0, 10, 13, 0, 12, 11, 0, 10, 12, 0, 12, 12, 0, 12, 9, 0, 10, 7, 0, 6, 10, 0, 9, 7, 0, 6, 15, 0, 6, 16, 0, 2, 15, 0, 6, 13, 0, 12, 14, 0, 9, 13, 0, 12, 12, 0, 12, 10, 0, 9, 12, 0, 12, 7, 0, 6, 3, 0, 2, 7, 0, 6, 16, 0, 2, 15, 0, 6, 16, 0, 2, 14, 0, 9, 13, 0, 12, 14, 0, 9, 10, 0, 9, 7, 0, 6, 10, 0, 9, 3, 0, 2, 7, 0, 6, 3, 0, 2, 16, 0, 2, 0, 0, 1, 0, 0, 1, 14, 0, 9, 15, 0, 6, 14, 0, 9, 3, 0, 2, 3, 0, 2, 0, 0, 1, 2, 0, 3, 1, 0, 0, 1, 0, 0, 5, 0, 3, 4, 0, 0, 4, 0, 0, 5, 0, 3, 4, 0, 0, 4, 0, 0, 1, 0, 0, 1, 0, 0, 2, 0, 3, 16, 0, 2, 0, 0, 1, 16, 0, 2, 3, 0, 2, 0, 0, 1, 0, 0, 1, 4, 0, 0, 5, 0, 16, 4, 0, 0, 1, 0, 0, 1, 0, 0, 2, 0, 16, 2, 0, 16, 1, 0, 0, 2, 0, 16, 5, 0, 16, 4, 0, 0, 5, 0, 16, 5, 0, 16, 4, 0, 0, 4, 0, 0, 1, 0, 0, 1, 0, 0, 2, 0, 16, 6, 0, 15, 2, 0, 16, 6, 0, 15, 8, 0, 15, 5, 0, 16, 8, 0, 15, 5, 0, 16, 8, 0, 15, 5, 0, 16, 2, 0, 16, 6, 0, 15, 2, 0, 16, 6, 0, 15, 9, 0, 14, 6, 0, 15, 8, 0, 15, 11, 0, 14, 11, 0, 14, 8, 0, 15, 11, 0, 14, 8, 0, 15, 12, 0, 13, 9, 0, 14, 12, 0, 13, 6, 0, 15, 9, 0, 14, 9, 0, 14, 13, 0, 13, 11, 0, 14, 11, 0, 14, 14, 0, 11, 13, 0, 13, 14, 0, 11, 7, 0, 8, 10, 0, 11, 7, 0, 8, 9, 0, 14, 12, 0, 13, 9, 0, 14, 13, 0, 13, 13, 0, 13, 11, 0, 14, 15, 0, 8, 14, 0, 11, 15, 0, 8, 7, 0, 8, 3, 0, 5, 7, 0, 8, 12, 0, 13, 10, 0, 11, 12, 0, 13, 13, 0, 13, 14, 0, 11, 13, 0, 13, 15, 0, 8, 16, 0, 5, 15, 0, 8, 3, 0, 5, 7, 0, 8, 3, 0, 5, 10, 0, 11, 12, 0, 