{"colorsData": [{"duration": 714, "data": [0.49019607843137253, 0.49019607843137253, 0.49019607843137253]}], "precision": 2, "values": [-100, 0, -17, -99, -35, -94, 100, -19, 98, -37, 93, -54, 84, -51, -86, -69, 73, -79, -62, -89, -46, -96, -28, -66, -75, -81, 59, -10, -90, 43, 26, 9, 57, 82, 38, -92, 92, 71, -38, -71, -5100, -1594, -3048, -1488, -3077, -1562, -2660, -1635, -2484, -1694, -3000, -1784, -2935, -1921, -2760, -1860, -2854, -1985, -2432, -1984, -2544, -1963, -2655, -1800, -2047, -1928, -2222, -1966, -2324, -1872, -2129, -1609, -1925, -1616, -2388, -131, -1882, -445, -308, -2198, 242, -2143, 141, -2089, 148, -2077, -473, -3251, -727, -3208, -517, -3117, -1710, -1977, -1481, -2253, -1499, -1892, -1385, 30, -2063, -1947, 55, -2012, -544, -2972, -758, -2579, -2307, -2234, -550, -2821, -2071, -2715, -536, -2673, -2734, -186, -2109, -1072, -1135, -980, -3164, -1234, -3121, -1290, -249, -2148, -489, -2490, -1209, -412, -2328, -1154, -4950, -4500, -4650, -4800], "normalsIndex": [0, 1, 1, 0, 1, 1, 0, 1, 1, 0, 1, 1, 0, 1, 1, 0, 1, 1, 0, 1, 1, 0, 1, 1, 0, 1, 1, 0, 1, 1, 0, 1, 1, 0, 1, 1, 0, 1, 1, 0, 1, 1, 0, 1, 1, 0, 1, 1, 0, 1, 1, 0, 1, 1, 0, 1, 1, 0, 1, 1, 0, 1, 1, 0, 1, 1, 0, 1, 1, 0, 1, 1, 0, 1, 1, 0, 1, 1, 0, 1, 1, 0, 1, 1, 0, 1, 1, 0, 1, 1, 0, 1, 1, 0, 1, 1, 0, 1, 1, 0, 1, 1, 0, 1, 1, 0, 1, 1, 0, 1, 1, 0, 1, 1, 0, 1, 1, 0, 1, 1, 0, 1, 1, 0, 1, 1, 0, 1, 1, 0, 1, 1, 0, 1, 1, 0, 1, 1, 0, 1, 1, 0, 1, 1, 0, 1, 1, 0, 1, 1, 0, 1, 1, 0, 1, 1, 0, 1, 1, 0, 1, 1, 0, 1, 1, 0, 1, 1, 0, 1, 1, 0, 1, 1, 0, 1, 1, 0, 1, 1, 0, 1, 1, 0, 1, 1, 0, 1, 1, 0, 1, 1, 0, 1, 1, 0, 1, 1, 0, 1, 1, 0, 1, 1, 0, 1, 1, 0, 1, 1, 0, 1, 1, 0, 1, 1, 0, 1, 1, 0, 1, 1, 0, 1, 1, 0, 1, 1, 0, 1, 1, 0, 1, 1, 0, 1, 1, 0, 1, 1, 0, 1, 1, 0, 1, 1, 0, 1, 1, 0, 1, 1, 0, 1, 1, 0, 1, 1, 0, 1, 1, 0, 1, 1, 0, 1, 1, 0, 1, 1, 0, 1, 1, 0, 1, 1, 0, 1, 1, 0, 1, 1, 0, 1, 1, 0, 1, 1, 0, 1, 1, 0, 1, 1, 0, 1, 1, 0, 1, 1, 0, 1, 1, 0, 1, 1, 0, 1, 1, 0, 1, 1, 0, 1, 1, 0, 1, 1, 0, 1, 1, 0, 1, 1, 0, 1, 1, 0, 1, 1, 0, 1, 1, 0, 1, 1, 0, 1, 1, 0, 1, 1, 0, 1, 1, 0, 1, 1, 0, 1, 1, 0, 1, 1, 0, 1, 1, 0, 1, 1, 0, 1, 1, 0, 1, 1, 0, 1, 1, 0, 1, 1, 0, 1, 1, 0, 1, 1, 0, 1, 1, 0, 1, 1, 0, 1, 1, 0, 1, 1, 0, 1, 1, 0, 1, 1, 0, 1, 1, 0, 1, 1, 0, 1, 1, 0, 1, 1, 0, 1, 1, 0, 1, 1, 0, 1, 1, 0, 1, 1, 0, 1, 1, 0, 1, 1, 0, 1, 1, 0, 1, 1, 0, 1, 1, 0, 1, 1, 0, 1, 1, 0, 1, 1, 0, 1, 1, 0, 1, 1, 0, 1, 1, 0, 1, 1, 0, 1, 1, 0, 1, 1, 0, 1, 1, 0, 1, 1, 0, 1, 1, 0, 1, 1, 0, 1, 1, 0, 1, 1, 0, 1, 1, 0, 1, 1, 0, 1, 1, 0, 1, 1, 0, 1, 1, 0, 1, 1, 0, 1, 1, 0, 1, 1, 0, 1, 1, 0, 1, 1, 0, 1, 1, 1, 2, 3, 1, 2, 3, 1, 2, 3, 1, 2, 3, 1, 2, 3, 1, 2, 3, 1, 2, 3, 1, 2, 3, 1, 2, 3, 1, 2, 3, 1, 2, 3, 1, 2, 3, 1, 2, 3, 1, 2, 3, 1, 2, 3, 1, 2, 3, 1, 2, 3, 1, 2, 3, 1, 2, 3, 1, 2, 3, 1, 2, 3, 1, 2, 3, 1, 2, 3, 1, 2, 3, 1, 2, 3, 1, 2, 3, 1, 2, 3, 1, 2, 3, 1, 2, 3, 1, 2, 3, 1, 2, 3, 1, 2, 3, 1, 2, 3, 1, 2, 3, 1, 2, 3, 1, 2, 3, 1, 2, 3, 1, 2, 3, 1, 2, 3, 1, 2, 3, 1, 2, 3, 1, 2, 3, 1, 2, 3, 1, 4, 5, 1, 2, 3, 1, 1, 6, 1, 7, 8, 1, 7, 8, 1, 1, 6, 1, 7, 8, 1, 1, 6, 1, 4, 5, 1, 2, 3, 1, 4, 5, 1, 4, 5, 1, 2, 3, 1, 2, 3, 1, 9, 10, 1, 7, 8, 1, 7, 8, 1, 11, 12, 1, 9, 10, 1, 11, 12, 1, 4, 5, 1, 13, 14, 1, 13, 14, 1, 2, 3, 1, 2, 3, 1, 4, 5, 1, 9, 10, 1, 9, 10, 1, 7, 8, 1, 11, 12, 1, 15, 16, 1, 11, 12, 1, 17, 18, 1, 19, 20, 1, 17, 18, 1, 4, 5, 1, 4, 5, 1, 13, 14, 1, 9, 10, 1, 11, 12, 1, 9, 10, 1, 15, 16, 1, 11, 12, 1, 15, 16, 1, 19, 20, 1, 19, 20, 1, 21, 22, 1, 13, 14, 1, 13, 14, 1, 23, 24, 1, 15, 16, 1, 25, 26, 1, 25, 26, 1, 15, 16, 1, 15, 16, 1, 25, 26, 1, 21, 22, 1, 3, 27, 1, 21, 22, 1, 13, 14, 1, 23, 24, 1, 23, 24, 1, 1, 6, 1, 1, 6, 1, 7, 8, 1, 25, 26, 1, 28, 29, 1, 25, 26, 1, 3, 27, 1, 21, 22, 1, 3, 27, 1, 23, 24, 1, 17, 18, 1, 23, 24, 1, 21, 30, 1, 28, 29, 1, 21, 30, 1, 25, 26, 1, 28, 29, 1, 28, 29, 1, 0, 31, 1, 3, 27, 1, 0, 31, 1, 19, 20, 1, 17, 18, 1, 19, 20, 1, 3, 27, 1, 0, 31, 1, 3, 27, 1, 28, 29, 1, 21, 30, 1, 28, 29, 1, 0, 31, 1, 0, 31, 1, 21, 30, 1, 19, 20, 1, 21, 22, 1, 21, 22, 1, 0, 31, 1, 21, 30, 1, 21, 30, 1, 4, 5, 1, 2, 3, 1, 2, 3, 1, 7, 8, 1, 1, 6, 1, 1, 6, 1, 7, 8, 1, 1, 6, 1, 1, 6, 1, 17, 18, 1, 23, 24, 1, 17, 18, 1, 1, 6, 1, 1, 6, 1, 1, 6, 1, 1, 6, 1, 1, 6, 1, 1, 6, 1, 1, 6, 1, 1, 6, 1, 1, 6, 1, 1, 6, 1, 1, 6, 1, 1, 6, 1, 1, 6, 1, 1, 6, 1, 1, 6, 1, 1, 6, 1, 1, 6, 1, 1, 6, 1, 1, 6, 1, 1, 6, 1, 1, 6, 1, 1, 6, 1, 1, 6, 1, 1, 6, 1, 1, 6, 1, 1, 6, 1, 1, 6, 1, 1, 6, 1, 1, 6, 1, 1, 6, 1, 1, 6, 1, 1, 6, 1, 1, 6, 1, 1, 6, 1, 1, 6, 1, 1, 6, 1, 1, 6, 1, 1, 6, 1, 1, 6, 1, 1, 6, 1, 1, 6, 1, 1, 6, 1, 32, 33, 1, 32, 33, 1, 32, 33, 1, 32, 33, 1, 32, 33, 1, 32, 33, 1, 32, 33, 1, 32, 33, 1, 32, 33, 1, 32, 33, 1, 32, 33, 1, 32, 33, 1, 32, 33, 1, 32, 33, 1, 32, 33, 1, 32, 33, 1, 32, 33, 1, 32, 33, 1, 32, 33, 1, 32, 33, 1, 32, 33, 1, 32, 33, 1, 32, 33, 1, 32, 33, 1, 32, 33, 1, 32, 33, 1, 32, 33, 1, 32, 33, 1, 32, 33, 1, 32, 33, 1, 32, 33, 1, 32, 33, 1, 32, 33, 1, 32, 33, 1, 32, 33, 1, 32, 33, 1, 32, 33, 1, 32, 33, 1, 32, 33, 1, 32, 33, 1, 32, 33, 1, 32, 33, 6, 1, 1, 6, 1, 1, 6, 1, 1, 6, 1, 1, 6, 1, 1, 6, 1, 1, 6, 1, 1, 6, 1, 1, 6, 1, 1, 6, 1, 1, 6, 1, 1, 6, 1, 1, 6, 1, 1, 6, 1, 1, 6, 1, 1, 6, 1, 1, 6, 1, 1, 6, 1, 1, 6, 1, 1, 6, 1, 1, 6, 1, 1, 6, 1, 1, 6, 1, 1, 6, 1, 1, 6, 1, 1, 6, 1, 1, 6, 1, 1, 6, 1, 1, 6, 1, 1, 6, 1, 1, 6, 1, 1, 6, 1, 1, 6, 1, 1, 6, 1, 1, 6, 1, 1, 6, 1, 1, 6, 1, 1, 6, 1, 1, 6, 1, 1, 6, 1, 1, 6, 1, 1, 6, 1, 1, 6, 1, 1, 6, 1, 1, 6, 1, 1, 6, 1, 1, 6, 1, 1, 6, 1, 1, 6, 1, 1, 6, 1, 1, 6, 1, 1, 6, 1, 1, 6, 1, 1, 6, 1, 1, 6, 1, 1, 6, 1, 1, 6, 1, 1, 6, 1, 1, 6, 1, 1, 6, 1, 1, 6, 1, 1, 6, 1, 1, 6, 1, 1, 6, 1, 1, 6, 1, 1, 6, 1, 1, 6, 1, 1, 6, 1, 1, 6, 1, 1, 6, 1, 1, 6, 1, 1, 6, 1, 1, 6, 1, 1, 6, 1, 1, 6, 1, 1, 6, 1, 1, 6, 1, 1, 6, 1, 1, 6, 1, 1, 6, 1, 1, 6, 1, 1, 6, 1, 1, 6, 1, 1, 6, 1, 1, 6, 1, 1, 6, 1, 1, 6, 1, 1, 6, 1, 1, 6, 1, 1, 6, 1, 1, 6, 1, 1, 6, 1, 1, 6, 1, 1, 6, 1, 1, 6, 1, 1, 6, 1, 1, 6, 1, 1, 6, 1, 1, 6, 1, 1, 6, 1, 1, 6, 1, 1, 6, 1, 1, 6, 1, 1, 6, 1, 1, 6, 1, 1, 6, 1, 1, 6, 1, 1, 6, 1, 1, 6, 1, 1, 6, 1, 1, 6, 1, 1, 6, 1, 1, 6, 1, 1, 6, 1, 1, 6, 1, 1, 6, 1, 1, 6, 1, 1, 6, 1, 1, 6, 1, 1, 6, 1, 1, 6, 1, 1, 6, 1, 1, 6, 1, 1, 6, 1, 1, 6, 1, 1, 6, 1, 1, 6, 1, 1, 6, 1, 1, 6, 1, 1, 6, 1, 1, 6, 1, 1, 6, 1, 1, 6, 1, 1, 6, 1, 1, 6, 1, 1, 6, 1, 1, 6, 1, 1, 6, 1, 1, 6, 1, 1, 6, 1, 1, 6, 1, 1, 6, 1, 1, 6, 1, 1, 6, 1, 1, 6, 1, 1, 6, 1, 1, 6, 1, 1, 6, 1, 1, 6, 1, 1, 6, 1, 1, 6, 1, 1, 6, 1, 1, 6, 1, 1, 6, 1, 1, 6, 1, 1, 6, 1, 1, 6, 1, 1, 6, 1, 1, 6, 1, 1, 6, 1, 1, 6, 1, 1, 6, 1, 1, 6, 1, 1, 6, 1, 1, 6, 1, 1, 6, 1, 1, 6, 1, 1, 6, 1, 1, 6, 1, 1, 6, 1, 1, 6, 1, 1, 1, 1, 0, 1, 34, 35, 1, 1, 0, 1, 1, 6, 1, 1, 6, 1, 34, 36, 1, 34, 36, 1, 1, 6, 1, 34, 36, 1, 34, 35, 1, 1, 0, 1, 34, 35, 1, 34, 35, 1, 1, 0, 1, 1, 0, 1, 1, 6, 1, 1, 6, 1, 34, 36, 1, 37, 37, 1, 34, 36, 1, 37, 37, 1, 36, 38, 1, 37, 39, 1, 36, 38, 1, 1, 0, 1, 1, 0, 1, 34, 35, 1, 34, 36, 1, 37, 37, 1, 34, 36, 1, 37, 37, 1, 37, 37, 1, 36, 34, 1, 36, 38, 1, 36, 38, 1, 6, 1, 1, 34, 35, 1, 37, 39, 1, 34, 35, 1, 6, 1, 1, 36, 34, 1, 6, 1, 1, 37, 37, 1, 36, 34, 1, 36, 34, 1, 36, 38, 1, 6, 1, 1, 6, 1, 1, 37, 39, 1, 36, 38, 1, 37, 39, 1, 36, 34, 1, 6, 1, 1, 36, 34, 1, 34, 35, 1, 1, 0, 1, 1, 0, 1, 1, 6, 1, 1, 6, 1, 34, 36, 1, 34, 36, 1, 1, 6, 1, 1, 6, 1, 37, 39, 1, 34, 35, 1, 37, 39, 1, 1, 0, 1, 38, 35, 1, 1, 0, 1, 1, 6, 1, 1, 6, 1, 38, 36, 1, 38, 36, 1, 1, 6, 1, 38, 36, 1, 38, 35, 1, 1, 0, 1, 38, 35, 1, 38, 35, 1, 1, 0, 1, 1, 0, 1, 1, 6, 1, 1, 6, 1, 38, 36, 1, 38, 36, 1, 38, 36, 1, 39, 37, 1, 35, 38, 1, 39, 39, 1, 35, 38, 1, 1, 0, 1, 1, 0, 1, 38, 35, 1, 38, 36, 1, 39, 37, 1, 39, 37, 1, 39, 37, 1, 35, 34, 1, 39, 37, 1, 35, 38, 1, 35, 38, 1, 0, 1, 1, 39, 39, 1, 39, 39, 1, 38, 35, 1, 0, 1, 1, 35, 34, 1, 0, 1, 1, 39, 37, 1, 35, 34, 1, 35, 34, 1, 35, 38, 1, 0, 1, 1, 0, 1, 1, 39, 39, 1, 35, 38, 1, 39, 39, 1, 35, 34, 1, 0, 1, 1, 35, 34, 1, 38, 35, 1, 1, 0, 1, 1, 0, 1, 1, 6, 1, 1, 6, 1, 38, 36, 1, 38, 36, 1, 1, 6, 1, 1, 6, 1, 39, 39, 1, 38, 35, 1, 38, 35],