{"colorsData": [{"duration": 840, "data": [0.49019607843137253, 0.49019607843137253, 0.49019607843137253]}], "precision": 2, "values": [0, -100, -98, 20, 100, 98, 92, 38, 83, 56, -92, -83, 71, -71, -56, -38, -20, -441, -88, -450, 88, -245, 49, -231, 96, -250, 374, -374, 250, -416, 172, -172, 416, -177, 177, -208, 139, -49, 245, 441, 450, 208, 318, -318, -139, 231, -96, 225, 900, 675], "normalsIndex": [0, 1, 0, 0, 1, 0, 0, 1, 0, 0, 1, 0, 0, 1, 0, 0, 1, 0, 0, 1, 0, 0, 1, 0, 0, 1, 0, 0, 1, 0, 0, 1, 0, 0, 1, 0, 0, 1, 0, 0, 1, 0, 0, 1, 0, 0, 1, 0, 0, 1, 0, 0, 1, 0, 0, 1, 0, 0, 1, 0, 0, 1, 0, 0, 1, 0, 0, 1, 0, 0, 1, 0, 0, 1, 0, 0, 1, 0, 0, 1, 0, 0, 1, 0, 0, 1, 0, 0, 1, 0, 0, 1, 0, 0, 1, 0, 0, 1, 0, 0, 1, 0, 0, 1, 0, 0, 1, 0, 0, 1, 0, 0, 1, 0, 0, 1, 0, 0, 1, 0, 0, 1, 0, 0, 1, 0, 0, 1, 0, 0, 1, 0, 0, 1, 0, 0, 1, 0, 0, 1, 0, 0, 1, 0, 0, 1, 0, 0, 1, 0, 0, 1, 0, 0, 1, 0, 0, 1, 0, 0, 1, 0, 0, 1, 0, 0, 1, 0, 0, 1, 0, 0, 1, 0, 0, 1, 0, 0, 1, 0, 0, 1, 0, 0, 1, 0, 0, 1, 0, 0, 1, 0, 0, 1, 0, 0, 1, 0, 0, 1, 0, 0, 1, 0, 0, 1, 0, 0, 1, 0, 0, 1, 0, 0, 1, 0, 0, 1, 0, 0, 1, 0, 0, 1, 0, 0, 1, 0, 0, 1, 0, 0, 1, 0, 0, 1, 0, 0, 1, 0, 0, 1, 0, 0, 1, 0, 0, 1, 0, 0, 1, 0, 0, 1, 0, 0, 1, 0, 0, 1, 0, 0, 1, 0, 0, 1, 0, 0, 1, 0, 0, 1, 0, 0, 1, 0, 0, 1, 0, 0, 1, 0, 0, 1, 0, 0, 1, 0, 0, 1, 0, 0, 1, 0, 0, 1, 0, 0, 1, 0, 0, 1, 0, 0, 1, 0, 0, 1, 0, 0, 1, 0, 0, 1, 0, 0, 1, 0, 0, 1, 0, 0, 1, 0, 0, 1, 0, 0, 1, 0, 0, 1, 0, 0, 1, 0, 0, 1, 0, 0, 1, 0, 0, 1, 0, 0, 1, 0, 0, 1, 0, 0, 1, 0, 0, 1, 0, 0, 1, 0, 0, 1, 0, 0, 1, 0, 0, 1, 0, 0, 1, 0, 0, 1, 0, 0, 1, 0, 0, 1, 0, 0, 1, 0, 0, 1, 0, 0, 1, 0, 0, 1, 0, 0, 1, 0, 0, 1, 0, 0, 1, 0, 0, 1, 0, 0, 1, 0, 0, 1, 0, 0, 1, 0, 0, 1, 0, 0, 1, 0, 0, 1, 0, 0, 1, 0, 0, 1, 0, 0, 1, 0, 0, 1, 0, 0, 1, 0, 0, 1, 0, 0, 1, 0, 0, 1, 0, 0, 1, 0, 0, 1, 0, 0, 1, 0, 0, 1, 0, 0, 1, 0, 0, 1, 0, 0, 1, 0, 0, 1, 0, 0, 1, 0, 0, 1, 0, 0, 1, 0, 0, 1, 0, 0, 1, 0, 0, 1, 0, 0, 1, 0, 0, 1, 0, 0, 1, 0, 0, 1, 0, 0, 1, 0, 0, 1, 0, 0, 1, 0, 0, 1, 0, 0, 1, 0, 0, 1, 0, 0, 1, 0, 0, 1, 0, 0, 1, 0, 0, 1, 0, 0, 1, 0, 0, 1, 0, 0, 1, 0, 0, 1, 0, 0, 1, 0, 0, 1, 0, 0, 1, 0, 0, 1, 0, 0, 1, 0, 0, 1, 0, 0, 1, 0, 0, 1, 0, 0, 1, 0, 0, 1, 0, 0, 1, 0, 1, 0, 0, 2, 0, 3, 1, 0, 0, 4, 0, 0, 5, 0, 3, 5, 0, 3, 4, 0, 0, 5, 0, 3, 4, 0, 0, 2, 0, 3, 1, 0, 0, 2, 0, 3, 2, 0, 3, 1, 0, 0, 1, 0, 0, 5, 0, 3, 6, 0, 7, 5, 0, 3, 8, 0, 9, 6, 0, 7, 8, 0, 9, 10, 0, 7, 11, 0, 9, 10, 0, 7, 1, 0, 0, 1, 0, 0, 2, 0, 3, 6, 0, 7, 5, 0, 3, 6, 0, 7, 12, 0, 12, 8, 0, 9, 8, 0, 9, 13, 0, 12, 14, 0, 8, 13, 0, 12, 2, 0, 3, 10, 0, 7, 2, 0, 3, 6, 0, 7, 8, 0, 9, 6, 0, 7, 12, 0, 12, 12, 0, 12, 8, 0, 9, 15, 0, 6, 14, 0, 8, 15, 0, 6, 10, 0, 7, 2, 0, 3, 10, 0, 7, 12, 0, 12, 9, 0, 8, 12, 0, 12, 9, 0, 8, 12, 0, 12, 9, 0, 8, 16, 0, 5, 15, 0, 6, 15, 0, 6, 11, 0, 9, 10, 0, 7, 11, 0, 9, 4, 0, 0, 4, 0, 0, 5, 0, 3, 9, 0, 8, 7, 0, 6, 9, 0, 8, 16, 0, 5, 16, 0, 5, 15, 0, 6, 11, 0, 9, 13, 0, 12, 13, 0, 12, 3, 0, 5, 7, 0, 6, 3, 0, 5, 9, 0, 8, 7, 0, 6, 7, 0, 6, 0, 0, 4, 16, 0, 5, 0, 0, 4, 14, 0, 8, 13, 0, 12, 14, 0, 8, 16, 0, 5, 0, 0, 4, 16, 0, 5, 7, 0, 6, 3, 0, 5, 7, 0, 6, 0, 0, 4, 0, 0, 4, 3, 0, 5, 14, 0, 8, 15, 0, 6, 14, 0, 8, 0, 0, 4, 3, 0, 5, 3, 0, 5, 2, 0, 3, 1, 0, 0, 1, 0, 0, 5, 0, 3, 4, 0, 0, 4, 0, 0, 5, 0, 3, 4, 0, 0, 4, 0, 0, 11, 0, 9, 11, 0, 9, 13, 0, 12, 1, 0, 0, 2, 0, 16, 1, 0, 0, 4, 0, 0, 5, 0, 16, 5, 0, 16, 4, 0, 0, 5, 0, 16, 4, 0, 0, 2, 0, 16, 1, 0, 0, 2, 0, 16, 2, 0, 16, 1, 0, 0, 1, 0, 0, 6, 0, 15, 5, 0, 16, 5, 0, 16, 8, 0, 14, 6, 0, 15, 8, 0, 14, 10, 0, 15, 11, 0, 14, 10, 0, 15, 1, 0, 0, 1, 0, 0, 2, 0, 16, 6, 0, 15, 6, 0, 15, 5, 0, 16, 8, 0, 14, 12, 0, 13, 8, 0, 14, 13, 0, 13, 14, 0, 11, 13, 0, 13, 2, 0, 16, 2, 0, 16, 10, 0, 15, 6, 0, 15, 8, 0, 14, 6, 0, 15, 12, 0, 13, 8, 0, 14, 12, 0, 13, 14, 0, 11, 14, 0, 11, 15, 0, 10, 2, 0, 16, 10, 0, 15, 10, 0, 15, 12, 0, 13, 9, 0, 11, 9, 0, 11, 12, 0, 13, 12, 0, 13, 9, 0, 11, 15, 0, 10, 16, 0, 2, 15, 0, 10, 11, 0, 14, 10, 0, 15, 11, 0, 14, 4, 0, 0, 4, 0, 0, 5, 0, 16, 9, 0, 11, 9, 0, 11, 7, 0, 10, 16, 0, 2, 15, 0, 10, 16, 0, 2, 11, 0, 14, 13, 0, 13, 11, 0, 14, 7, 0, 10, 7, 0, 10, 3, 0, 2, 9, 0, 11, 7, 0, 10, 7, 0, 10, 16, 0, 2, 16, 0, 2, 0, 0, 1, 14, 0, 11, 13, 0, 13, 14, 0, 11, 16, 0, 2, 0, 0, 1, 0, 0, 1, 7, 0, 10, 3, 0, 2, 3, 0, 2, 0, 0, 1, 3, 0, 2, 0, 0, 1, 14, 0, 11, 15, 0, 10, 15, 0, 10, 3, 0, 2, 0, 0, 1, 3, 0, 2, 2, 0, 16, 1, 0, 0, 1, 0, 0, 5, 0, 16, 4, 0, 0, 4, 0, 0, 5, 0, 16, 4, 0, 0, 4, 0, 0, 13, 0, 13, 11, 0, 14, 13, 0, 13, 0, 4, 0, 0, 4, 0, 0, 4, 0, 0, 4, 0, 0, 4, 0, 0, 4, 0, 0, 4, 0, 0, 4, 0, 0, 4, 0, 0, 4, 0, 0, 4, 0, 0, 4, 0, 0, 4, 0, 0, 4, 0, 0, 4, 0, 0, 4, 0, 0, 4, 0, 0, 4, 0, 0, 4, 0, 0, 4, 0, 0, 4, 0, 0, 4, 0, 0, 4, 0, 0, 4, 0, 0, 4, 0, 0, 4, 0, 0, 4, 0, 0, 4, 0, 0, 4, 0, 0, 4, 0, 0, 4, 0, 0, 4, 0, 0, 4, 0, 0, 4, 0, 0, 4, 0, 0, 4, 0, 0, 4, 0, 0, 4, 0, 0, 4, 0, 0, 4, 0, 0, 4, 0, 0, 4, 0, 0, 4, 0, 0, 4, 0, 0, 4, 0, 0, 4, 0, 0, 4, 0, 0, 4, 0, 0, 4, 0, 0, 4, 0, 0, 4, 0, 0, 4, 0, 0, 4, 0, 0, 4, 0, 0, 4, 0, 0, 4, 0, 0, 4, 0, 0, 4, 0, 0, 4, 0, 0, 4, 0, 0, 4, 0, 0, 4, 0, 0, 4, 0, 0, 4, 0, 0, 4, 0, 0, 4, 0, 0, 4, 0, 0, 4, 0, 0, 4, 0, 0, 4, 0, 0, 4, 0, 0, 4, 0, 0, 4, 0, 0, 4, 0, 0, 4, 0, 0, 4, 0, 0, 4, 0, 0, 4, 0, 0, 4, 0, 0, 4, 0, 0, 4, 0, 0, 4, 0, 0, 4, 0, 0, 4, 0, 0, 4, 0, 0, 4, 0, 0, 4, 0, 0, 4, 0, 0, 4, 0, 0, 4, 0, 0, 4, 0, 0, 4, 0, 0, 4, 0, 0, 4, 0, 0, 4, 0, 0, 4, 0, 0, 4, 0, 0, 4, 0, 0, 4, 0, 0, 4, 0, 0, 4, 0, 0, 4, 0, 0, 4, 0, 0, 4, 0, 0, 4, 0, 0, 4, 0, 0, 4, 0, 0, 4, 0, 0, 4, 0, 0, 4, 0, 0, 4, 0, 0, 4, 0, 0, 4, 0, 0, 4, 0, 0, 4, 0, 0, 4, 0, 0, 4, 0, 0, 4, 0, 0, 4, 0, 0, 4, 0, 0, 4, 0, 0, 4, 0, 0, 4, 0, 0, 4, 0, 0, 4, 0, 0, 4, 0, 0, 4, 0, 0, 4, 0, 0, 4, 0, 0, 4, 0, 0, 4, 0, 0, 4, 0, 0, 4, 0, 0, 4, 0, 0, 4, 0, 0, 4, 0, 0, 4, 0, 0, 4, 0, 0, 4, 0, 0, 4, 0, 0, 4, 0, 0, 4, 0, 0, 4, 0, 0, 4, 0, 0, 4, 0, 0, 4, 0, 0, 4, 0, 0, 4, 0, 0, 4, 0, 0, 4, 0, 0, 4, 0, 0, 4, 0, 0, 4, 0, 0, 4, 0, 0, 4, 0, 0, 4, 0, 0, 4, 0, 0, 4, 0, 0, 4, 0, 0, 4, 0, 0, 4, 0, 0, 4, 0, 0, 4, 0, 0, 4, 0, 0, 4, 0, 0, 4, 0, 0, 4, 0, 0, 4, 0, 0, 4, 0, 0, 4, 0, 0, 4, 0, 0, 4, 0, 0, 4, 0, 0, 4, 0, 0, 4, 0, 0, 4, 0, 0, 4, 0, 0, 4, 0, 0, 4, 0, 0, 4, 0, 0, 4, 0, 0, 4, 0, 0, 4, 0, 0, 4, 0, 0, 4, 0, 0, 4, 0, 0, 4, 0, 0, 4, 0, 0, 4, 0, 0, 4, 0, 0, 4, 0, 0, 4, 0, 1, 0, 0, 1, 0, 0, 2, 0, 16, 1, 0, 0, 1, 0, 0, 2, 0, 16, 5, 0, 16, 4, 0, 0, 5, 0, 16, 4, 0, 0, 5, 0, 16, 4, 0, 0, 1, 0, 0, 1, 0, 0, 2, 0, 16, 1, 0, 0, 2, 0, 16, 2, 0, 16, 8, 0, 14, 6, 0, 15, 6, 0, 15, 5, 0, 16, 4, 0, 0, 4, 0, 0, 2, 0, 16, 10, 0, 15, 2, 0, 16, 11, 0, 14, 10, 0, 15, 11, 0, 14, 12, 0, 13, 8, 0, 14, 12, 0, 13, 4, 0, 0, 4, 0, 0, 5, 0, 16, 10, 0, 15, 11, 0, 14, 10, 0, 15, 13, 0, 13, 14, 0, 11, 13, 0, 13, 9, 0, 11, 12, 0, 13, 9, 0, 11, 5, 0, 16, 6, 0, 15, 5, 0, 16, 11, 0, 14, 11, 0, 14, 13, 0, 13, 14, 0, 11, 15, 0, 10, 14, 0, 11, 7, 0, 10, 9, 0, 11, 7, 0, 10, 8, 0, 14, 8, 0, 14, 6, 0, 15, 11, 0, 14, 13, 0, 13, 13, 0, 13, 15, 0, 10, 14, 0, 11, 15, 0, 10, 7, 0, 10, 3, 0, 2, 7, 0, 10, 8, 0, 14, 12, 0, 13, 8, 0, 14, 14, 0, 11, 13, 0, 13, 14, 0, 11, 16, 0, 2, 15, 0, 10, 16, 0, 2, 3, 0, 2, 7, 0, 10, 3, 0, 2, 12, 0, 13, 9, 0, 11, 12, 0, 13, 15, 0, 10, 16, 0, 2, 15, 0, 10, 16, 0, 2, 0, 0, 1, 16, 0, 2, 3, 0, 2, 0, 0, 1, 0, 0, 1, 9, 0, 11, 7, 0, 10, 9, 0, 11, 2, 0, 16, 1, 0, 0, 1, 0, 0, 16, 0, 2, 0, 0, 1, 0, 0, 1, 10, 0, 15, 2, 0, 16, 10, 0, 15, 3, 0, 2, 0, 0, 1, 3, 0, 2, 5, 0, 16, 4, 0, 0, 4, 0, 0, 6, 0, 15, 5, 0, 16, 6, 0, 15, 1, 0, 0, 1, 0, 0, 2, 0, 3, 1, 0, 0, 1, 0, 0, 2, 0, 3, 5, 0, 3, 4, 0, 0, 5, 0, 3, 4, 0, 0, 5, 0, 3, 4, 0, 0, 1, 0, 0, 1, 0, 0, 2, 0, 3, 1, 0, 0, 2, 0, 3, 2, 0, 3, 8, 0, 9, 6, 0, 7, 8, 0, 9, 5, 0, 3, 4, 0, 0, 4, 0, 0, 2, 0, 3, 10, 0, 7, 2, 0, 3, 11, 0, 9, 10, 0, 7, 11, 0, 9, 12, 0, 12, 8, 0, 9, 12, 0, 12, 4, 0, 0, 4, 0, 0, 5, 0, 3, 10, 0, 7, 11, 0, 9, 10, 0, 7, 13, 0, 12, 14, 0, 8, 13, 0, 12, 9, 0, 8, 9, 0, 8, 12, 0, 12, 5, 0, 3, 5, 0, 3, 6, 0, 7, 11, 0, 9, 13, 0, 12, 11, 0, 9, 14, 0, 8, 15, 0, 6, 14, 0, 8, 7, 0, 6, 9, 0, 8, 7, 0, 6, 6, 0, 7, 8, 0, 9, 6, 0, 7, 13, 0, 12, 11, 0, 9, 13, 0, 12, 15, 0, 6, 14, 0, 8, 15, 0, 6, 7, 0, 6, 3, 0, 5, 7, 0, 6, 8, 0, 9, 12, 0, 12, 8, 0, 9, 14, 0, 8, 13, 0, 12, 14, 0, 8, 16, 0, 5, 15, 0, 6, 16, 0, 5, 3, 0, 5, 7, 0, 6, 3, 0,