{"colorsData": [{"duration": 702, "data": [0.49019607843137253, 0.49019607843137253, 0.49019607843137253]}], "precision": 2, "values": [0, -100, -71, -65, 27, -69, 14, 71, 69, 65, -59, 39, 59, -50, 50, -39, -27, -14, -3, -66, -26, -13, 70, -5, -8, -38, -11, -51, -49, -30, -64, 61, -36, -6, -70, 44, -55, 21, -68, 100, -4, -93, -37, -74, -67, -72, -44, -90, -43, 99, -12, 86, -16, 28, -96, -79, 62, -78, 29, -98, 20, 98, 83, 56, 92, 38, -92, -83, -56, -20, -52, -48, -31, 66, -24, 53, -47, 43, 180, -900, 166, 178, -28, -179, -127, 127, -77, -163, -167, -180, -166, 112, -141, -172, 156, -91, -7, 179, -130, -124, -21, -196, -880, -185, -895, -200, 200, 195, -885, 196, 185, -195, 190, -890, 77, 111, 141, -111, -190, -186, -187, 199, -15, -23, -160, -103, 198, -145, -138, 173, -101, -86, -181, 125, -156, -199, -191, -440, 880, 440, -148, -135, -88, 57, -192, 121, -159, 172, -102, 895, 900, 885, 890, -168, -133, -121, -162, 155, 142, -126, 109, -143, 51, -173], "normalsIndex": [0, 0, 1, 0, 0, 1, 0, 0, 1, 0, 0, 1, 0, 0, 1, 0, 0, 1, 0, 0, 1, 0, 0, 1, 0, 0, 1, 0, 0, 1, 0, 0, 1, 0, 0, 1, 0, 0, 1, 0, 0, 1, 0, 0, 1, 0, 0, 1, 0, 0, 1, 0, 0, 1, 0, 0, 1, 0, 0, 1, 0, 0, 1, 0, 0, 1, 0, 0, 1, 0, 0, 1, 0, 0, 1, 0, 0, 1, 0, 0, 1, 0, 0, 1, 0, 0, 1, 0, 0, 1, 0, 0, 1, 0, 0, 1, 0, 0, 1, 0, 0, 1, 0, 0, 1, 0, 0, 1, 0, 0, 1, 0, 0, 1, 0, 0, 1, 0, 0, 1, 0, 0, 1, 0, 0, 1, 0, 0, 1, 0, 0, 1, 0, 0, 1, 0, 0, 1, 0, 0, 1, 0, 0, 1, 0, 0, 1, 0, 0, 1, 0, 0, 1, 0, 0, 1, 0, 0, 1, 0, 0, 1, 2, 0, 2, 3, 4, 2, 5, 6, 2, 2, 0, 2, 2, 0, 2, 2, 0, 2, 7, 0, 2, 7, 0, 2, 8, 6, 2, 7, 0, 2, 7, 0, 2, 8, 6, 2, 2, 0, 2, 2, 0, 2, 2, 0, 2, 2, 0, 2, 2, 0, 2, 2, 0, 2, 7, 0, 2, 7, 0, 2, 8, 6, 2, 7, 0, 2, 7, 0, 2, 8, 6, 2, 2, 0, 2, 5, 6, 2, 2, 0, 2, 7, 0, 2, 9, 4, 2, 8, 6, 2, 5, 6, 2, 3, 4, 2, 3, 4, 2, 8, 6, 2, 9, 4, 2, 9, 4, 2, 3, 4, 2, 10, 11, 2, 3, 4, 2, 9, 4, 2, 9, 4, 2, 12, 11, 2, 3, 4, 2, 10, 11, 2, 13, 14, 2, 9, 4, 2, 14, 14, 2, 12, 11, 2, 10, 11, 2, 13, 14, 2, 13, 14, 2, 12, 11, 2, 14, 14, 2, 14, 14, 2, 13, 14, 2, 15, 12, 2, 13, 14, 2, 14, 14, 2, 14, 14, 2, 11, 12, 2, 13, 14, 2, 15, 12, 2, 16, 9, 2, 14, 14, 2, 4, 9, 2, 11, 12, 2, 15, 12, 2, 16, 9, 2, 16, 9, 2, 11, 12, 2, 4, 9, 2, 4, 9, 2, 16, 9, 2, 17, 8, 2, 16, 9, 2, 4, 9, 2, 4, 9, 2, 6, 8, 2, 16, 9, 2, 17, 8, 2, 0, 7, 2, 4, 9, 2, 0, 7, 2, 6, 8, 2, 17, 8, 2, 0, 7, 2, 0, 7, 2, 6, 8, 2, 0, 7, 2, 0, 7, 2, 2, 0, 2, 2, 0, 2, 2, 0, 2, 2, 0, 2, 2, 0, 2, 2, 0, 2, 7, 0, 2, 7, 0, 2, 7, 18, 2, 7, 0, 2, 7, 0, 2, 7, 18, 2, 2, 0, 2, 19, 20, 2, 5, 21, 2, 2, 0, 2, 19, 20, 2, 2, 0, 2, 22, 23, 2, 7, 18, 2, 22, 23, 2, 7, 0, 2, 7, 18, 2, 7, 18, 2, 2, 0, 2, 2, 0, 2, 5, 21, 2, 2, 0, 2, 19, 20, 2, 2, 0, 2, 7, 18, 2, 7, 0, 2, 7, 0, 2, 7, 0, 2, 7, 0, 2, 7, 18, 2, 2, 0, 2, 2, 0, 2, 19, 20, 2, 22, 24, 2, 22, 23, 2, 22, 24, 2, 7, 18, 2, 22, 23, 2, 7, 18, 2, 19, 20, 2, 10, 25, 2, 19, 20, 2, 22, 24, 2, 22, 26, 2, 22, 26, 2, 22, 23, 2, 22, 24, 2, 22, 23, 2, 19, 20, 2, 10, 25, 2, 27, 28, 2, 22, 24, 2, 22, 26, 2, 22, 24, 2, 27, 28, 2, 29, 30, 2, 27, 28, 2, 22, 26, 2, 31, 32, 2, 22, 26, 2, 27, 28, 2, 29, 30, 2, 29, 30, 2, 22, 26, 2, 31, 32, 2, 31, 32, 2, 29, 30, 2, 33, 34, 2, 29, 30, 2, 31, 32, 2, 35, 36, 2, 31, 32, 2, 29, 30, 2, 33, 34, 2, 33, 34, 2, 31, 32, 2, 35, 36, 2, 35, 36, 2, 33, 34, 2, 37, 38, 2, 33, 34, 2, 35, 36, 2, 37, 38, 2, 35, 36, 2, 33, 34, 2, 37, 38, 2, 37, 38, 2, 35, 36, 2, 37, 38, 2, 37, 38, 2, 5, 21, 2, 19, 20, 2, 19, 20, 2, 5, 21, 2, 2, 0, 2, 19, 20, 2, 19, 20, 2, 27, 28, 2, 10, 25, 2, 10, 25, 2, 27, 28, 2, 27, 28, 2, 39, 0, 0, 39, 0, 0, 39, 40, 0, 39, 0, 0, 39, 0, 0, 39, 40, 0, 1, 0, 0, 1, 0, 0, 41, 32, 0, 41, 42, 0, 1, 0, 0, 41, 32, 0, 39, 0, 0, 39, 0, 0, 39, 40, 0, 39, 0, 0, 39, 40, 0, 39, 40, 0, 1, 0, 0, 1, 0, 0, 41, 32, 0, 43, 44, 0, 41, 42, 0, 45, 5, 0, 39, 40, 0, 39, 24, 0, 39, 40, 0, 39, 24, 0, 39, 40, 0, 39, 24, 0, 41, 42, 0, 43, 44, 0, 41, 32, 0, 46, 47, 0, 45, 5, 0, 48, 47, 0, 39, 24, 0, 49, 50, 0, 39, 24, 0, 49, 50, 0, 39, 24, 0, 49, 50, 0, 43, 44, 0, 46, 47, 0, 45, 5, 0, 46, 47, 0, 24, 1, 0, 48, 47, 0, 51, 13, 0, 49, 52, 0, 49, 52, 0, 49, 50, 0, 49, 52, 0, 49, 52, 0, 24, 1, 0, 24, 1, 0, 53, 54, 0, 48, 47, 0, 24, 1, 0, 24, 1, 0, 31, 55, 0, 56, 57, 0, 58, 54, 0, 51, 13, 0, 51, 27, 0, 49, 52, 0, 56, 57, 0, 31, 55, 0, 51, 27, 0, 24, 1, 0, 58, 54, 0, 53, 54, 0, 39, 40, 0, 39, 0, 0, 39, 0, 0, 49, 50, 0, 49, 52, 0, 49, 50, 0, 31, 55, 0, 53, 54, 0, 58, 54, 0, 56, 57, 0, 51, 13, 0, 51, 27, 0, 1, 0, 0, 1, 0, 0, 41, 32, 0, 41, 32, 0, 1, 0, 0, 1, 0, 0, 1, 0, 0, 1, 0, 0, 59, 60, 0, 1, 0, 0, 1, 0, 0, 59, 60, 0, 61, 60, 0, 39, 0, 0, 61, 60, 0, 39, 0, 0, 61, 60, 0, 39, 0, 0, 1, 0, 0, 1, 0, 0, 59, 60, 0, 1, 0, 0, 59, 60, 0, 59, 60, 0, 62, 63, 0, 64, 65, 0, 64, 65, 0, 61, 60, 0, 39, 0, 0, 39, 0, 0, 59, 60, 0, 66, 65, 0, 59, 60, 0, 67, 63, 0, 66, 65, 0, 67, 63, 0, 7, 7, 0, 62, 63, 0, 62, 63, 0, 39, 0, 0, 39, 0, 0, 61, 60, 0, 66, 65, 0, 67, 63, 0, 66, 65, 0, 2, 7, 0, 68, 62, 0, 2, 7, 0, 63, 62, 0, 63, 62, 0, 7, 7, 0, 61, 60, 0, 61, 60, 0, 64, 65, 0, 67, 63, 0, 2, 7, 0, 67, 63, 0, 68, 62, 0, 25, 64, 0, 68, 62, 0, 63, 62, 0, 63, 62, 0, 65, 64, 0, 62, 63, 0, 62, 63, 0, 64, 65, 0, 2, 7, 0, 67, 63, 0, 2, 7, 0, 25, 64, 0, 68, 62, 0, 25, 64, 0, 65, 64, 0, 65, 64, 0, 60, 61, 0, 7, 7, 0, 7, 7, 0, 62, 63, 0, 68, 62, 0, 2, 7, 0, 68, 62, 0, 69, 61, 0, 25, 64, 0, 69, 61, 0, 65, 64, 0, 60, 61, 0, 60, 61, 0, 63, 62, 0, 7, 7, 0, 7, 7, 0, 25, 64, 0, 69, 61, 0, 25, 64, 0, 69, 61, 0, 0, 39, 0, 69, 61, 0, 0, 39, 0, 60, 61, 0, 60, 61, 0, 63, 62, 0, 65, 64, 0, 65, 64, 0, 59, 60, 0, 1, 0, 0, 1, 0, 0, 69, 61, 0, 0, 39, 0, 0, 39, 0, 66, 65, 0, 59, 60, 0, 66, 65, 0, 0, 39, 0, 0, 39, 0, 60, 61, 0, 61, 60, 0, 39, 0, 0, 39, 0, 0, 61, 60, 0, 64, 65, 0, 64, 65, 0, 2, 0, 7, 2, 0, 7, 2, 0, 7, 2, 0, 7, 5, 6, 7, 2, 0, 7, 7, 0, 7, 9, 4, 7, 8, 6, 7, 7, 0, 7, 8, 6, 7, 7, 0, 7, 2, 0, 7, 2, 0, 7, 2, 0, 7, 2, 0, 7, 2, 0, 7, 2, 0, 7, 7, 0, 7, 7, 0, 7, 8, 6, 7, 7, 0, 7, 8, 6, 7, 7, 0, 7, 2, 0, 7, 3, 4, 7, 5, 6, 7, 7, 0, 7, 7, 0, 7, 8, 6, 7, 5, 6, 7, 3, 4, 7, 3, 4, 7, 8, 6, 7, 9, 4, 7, 9, 4, 7, 3, 4, 7, 3, 4, 7, 10, 11, 7, 9, 4, 7, 12, 11, 7, 9, 4, 7, 3, 4, 7, 13, 14, 7, 10, 11, 7, 9, 4, 7, 12, 11, 7, 14, 14, 7, 10, 11, 7, 13, 14, 7, 13, 14, 7, 12, 11, 7, 14, 14, 7, 14, 14, 7, 13, 14, 7, 13, 14, 7, 15, 12, 7, 14, 14, 7, 11, 12, 7, 14, 14, 7, 13, 14, 7, 16, 9, 7, 15, 12, 7, 14, 14, 7, 11, 12, 7, 4, 9, 7, 15, 12, 7, 16, 9, 7, 16, 9, 7, 11, 12, 7, 4, 9, 7, 4, 9, 7, 16, 9, 7, 16, 9, 7, 17, 8, 7, 4, 9, 7, 6, 8, 7, 4, 9, 7, 16, 9, 7, 0, 7, 7, 17, 8, 7, 4, 9, 7, 6, 8, 7, 0, 7, 7, 17, 8, 7, 0, 7, 7, 0, 7, 7, 6, 8, 7, 0, 7, 7, 0, 7, 7, 7, 0, 7, 7, 0, 7, 7, 18, 7, 7, 0, 7, 7, 0, 7, 7, 18, 7, 2, 0, 7, 19, 20, 7, 19, 20, 7, 2, 0, 7, 19, 20, 7, 2, 0, 7, 7, 18, 7, 7, 18, 7, 22, 33, 7, 7, 0, 7, 7, 18, 7, 7, 18, 7, 2, 0, 7, 2, 0, 7, 19, 20, 7, 2, 0, 7, 19, 20, 7, 2, 0, 7, 7, 18, 7, 7, 0, 7, 7, 0, 7, 7, 0, 7, 7, 0, 7, 7, 18, 7, 2, 0, 7, 2, 0, 7, 19, 20, 7, 22, 33, 7, 22, 24, 7, 22, 24, 7, 7, 18, 7, 22, 33, 7, 22, 33, 7, 19, 20, 7, 19, 20, 7, 70, 71, 7, 22, 26, 7, 22, 24, 7, 22, 24, 7, 22, 33, 7, 22, 33, 7, 22, 24, 7, 19, 20, 7, 70, 71, 7, 70, 71, 7, 22, 26, 7, 22, 26, 7, 22, 24, 7, 70, 71, 7, 70, 71, 7, 72, 30, 7, 22, 26, 7, 73, 74, 7, 31, 32, 7, 70, 71, 7, 72, 30, 7, 72, 30, 7, 73, 74, 7, 31, 32, 7, 31, 32, 7, 72, 30, 7, 72, 30, 7, 23, 34, 7, 31, 32, 7, 75, 76, 7, 77, 68, 7, 72, 30, 7, 23, 34, 7, 23, 34, 7, 75, 76, 7, 77, 68, 7, 77, 68, 7, 23, 34, 7, 23, 34, 7, 60, 38, 7, 77, 68, 7, 77, 68, 7, 60, 38, 7, 23, 34, 7, 60, 38, 7, 60, 38, 7, 77, 68, 7, 60, 38, 7, 60, 38, 7, 22, 26, 7, 22, 26, 7, 73, 74, 7, 22, 26, 7, 31, 32, 7, 73, 74, 7, 31, 32, 7, 31, 32, 7, 75, 76, 7, 31, 32, 7, 77, 68, 7, 75, 76, 7, 0, 0, 39, 0, 0, 39, 0, 0, 39, 0, 0, 39, 0, 0, 39, 0, 0, 39, 0, 0, 39, 0, 0, 39, 0, 0, 39, 0, 0, 39, 0, 0, 39, 0, 0, 39, 0, 0, 39, 0, 0, 39, 0, 0, 39, 0, 0, 39, 0, 0, 39, 0, 0, 39, 0, 0, 39, 0, 0, 39, 0, 0, 39, 0, 0, 39, 0, 0, 39, 0, 0, 39, 0, 0, 39, 0, 0, 39, 0, 0, 39, 0, 0, 39, 0, 0, 39, 0, 0, 39, 0, 0, 39, 0, 0, 39, 0, 0, 39, 0, 0, 39, 0, 0, 39, 0, 0, 39, 0, 0, 39, 0, 0, 39, 0, 0, 39, 0, 0, 39, 0, 0, 39, 0, 0, 39, 0, 0, 39, 0, 0, 39, 0, 