{"colorsData": [{"duration": 840, "data": [0.49019607843137253, 0.49019607843137253, 0.49019607843137253]}], "precision": 2, "values": [-100, 0, -98, 20, 100, 98, -92, 38, 92, -83, 56, -71, 71, 83, -56, -38, -20, -800, -785, 156, 400, 300, 800, 785, 200, -739, 306, 739, -665, 444, -566, 566, 665, -444, -306, -156, -600, -424, -333, -499, 117, -588, 424, 230, 554, -230, -554, 499, -117, 588, 333, 600], "normalsIndex": [0, 1, 1, 0, 1, 1, 2, 3, 1, 0, 1, 1, 0, 1, 1, 2, 3, 1, 4, 1, 1, 4, 1, 1, 5, 3, 1, 4, 1, 1, 4, 1, 1, 5, 3, 1, 0, 1, 1, 0, 1, 1, 2, 3, 1, 0, 1, 1, 2, 3, 1, 2, 3, 1, 4, 1, 1, 4, 1, 1, 5, 3, 1, 4, 1, 1, 5, 3, 1, 5, 3, 1, 2, 3, 1, 6, 7, 1, 2, 3, 1, 6, 7, 1, 2, 3, 1, 6, 7, 1, 5, 3, 1, 8, 7, 1, 5, 3, 1, 8, 7, 1, 5, 3, 1, 8, 7, 1, 6, 7, 1, 9, 10, 1, 6, 7, 1, 9, 10, 1, 11, 12, 1, 9, 10, 1, 8, 7, 1, 13, 10, 1, 8, 7, 1, 13, 10, 1, 12, 12, 1, 13, 10, 1, 9, 10, 1, 6, 7, 1, 9, 10, 1, 11, 12, 1, 14, 13, 1, 14, 13, 1, 13, 10, 1, 8, 7, 1, 13, 10, 1, 12, 12, 1, 12, 12, 1, 10, 13, 1, 11, 12, 1, 9, 10, 1, 11, 12, 1, 14, 13, 1, 14, 13, 1, 15, 8, 1, 12, 12, 1, 13, 10, 1, 12, 12, 1, 12, 12, 1, 10, 13, 1, 10, 13, 1, 14, 13, 1, 15, 8, 1, 15, 8, 1, 15, 8, 1, 16, 5, 1, 15, 8, 1, 7, 8, 1, 7, 8, 1, 3, 5, 1, 7, 8, 1, 10, 13, 1, 10, 13, 1, 16, 5, 1, 1, 4, 1, 16, 5, 1, 16, 5, 1, 15, 8, 1, 16, 5, 1, 1, 4, 1, 3, 5, 1, 3, 5, 1, 7, 8, 1, 3, 5, 1, 3, 5, 1, 2, 3, 1, 0, 1, 1, 0, 1, 1, 11, 12, 1, 11, 12, 1, 14, 13, 1, 5, 3, 1, 4, 1, 1, 4, 1, 1, 7, 8, 1, 7, 8, 1, 10, 13, 1, 16, 5, 1, 1, 4, 1, 1, 4, 1, 1, 4, 1, 1, 4, 1, 3, 5, 1, 4, 1, 1, 4, 1, 1, 5, 16, 1, 4, 1, 1, 4, 1, 1, 5, 16, 1, 0, 1, 1, 0, 1, 1, 2, 16, 1, 0, 1, 1, 0, 1, 1, 2, 16, 1, 4, 1, 1, 4, 1, 1, 5, 16, 1, 4, 1, 1, 5, 16, 1, 5, 16, 1, 0, 1, 1, 0, 1, 1, 2, 16, 1, 0, 1, 1, 2, 16, 1, 2, 16, 1, 5, 16, 1, 8, 15, 1, 5, 16, 1, 8, 15, 1, 5, 16, 1, 8, 15, 1, 2, 16, 1, 6, 15, 1, 2, 16, 1, 6, 15, 1, 2, 16, 1, 6, 15, 1, 8, 15, 1, 13, 14, 1, 8, 15, 1, 13, 14, 1, 12, 11, 1, 13, 14, 1, 6, 15, 1, 9, 14, 1, 6, 15, 1, 9, 14, 1, 11, 11, 1, 9, 14, 1, 13, 14, 1, 8, 15, 1, 13, 14, 1, 12, 11, 1, 10, 9, 1, 10, 9, 1, 9, 14, 1, 6, 15, 1, 9, 14, 1, 11, 11, 1, 11, 11, 1, 14, 9, 1, 12, 11, 1, 13, 14, 1, 12, 11, 1, 10, 9, 1, 10, 9, 1, 7, 6, 1, 11, 11, 1, 9, 14, 1, 11, 11, 1, 11, 11, 1, 14, 9, 1, 14, 9, 1, 10, 9, 1, 7, 6, 1, 7, 6, 1, 7, 6, 1, 3, 2, 1, 7, 6, 1, 15, 6, 1, 15, 6, 1, 16, 2, 1, 15, 6, 1, 14, 9, 1, 14, 9, 1, 3, 2, 1, 1, 0, 1, 3, 2, 1, 3, 2, 1, 7, 6, 1, 3, 2, 1, 1, 0, 1, 16, 2, 1, 16, 2, 1, 15, 6, 1, 16, 2, 1, 16, 2, 1, 5, 16, 1, 4, 1, 1, 4, 1, 1, 12, 11, 1, 12, 11, 1, 10, 9, 1, 2, 16, 1, 0, 1, 1, 0, 1, 1, 15, 6, 1, 15, 6, 1, 14, 9, 1, 3, 2, 1, 1, 0, 1, 1, 0, 1, 1, 0, 1, 1, 0, 1, 16, 2, 1, 1, 1, 4, 1, 1, 4, 1, 1, 4, 1, 1, 4, 1, 1, 4, 1, 1, 4, 1, 1, 4, 1, 1, 4, 1, 1, 4, 1, 1, 4, 1, 1, 4, 1, 1, 4, 1, 1, 4, 1, 1, 4, 1, 1, 4, 1, 1, 4, 1, 1, 4, 1, 1, 4, 1, 1, 4, 1, 1, 4, 1, 1, 4, 1, 1, 4, 1, 1, 4, 1, 1, 4, 1, 1, 4, 1, 1, 4, 1, 1, 4, 1, 1, 4, 1, 1, 4, 1, 1, 4, 1, 1, 4, 1, 1, 4, 1, 1, 4, 1, 1, 4, 1, 1, 4, 1, 1, 4, 1, 1, 4, 1, 1, 4, 1, 1, 4, 1, 1, 4, 1, 1, 4, 1, 1, 4, 1, 1, 4, 1, 1, 4, 1, 1, 4, 1, 1, 4, 1, 1, 4, 1, 1, 4, 1, 1, 4, 1, 1, 4, 1, 1, 4, 1, 1, 4, 1, 1, 4, 1, 1, 4, 1, 1, 4, 1, 1, 4, 1, 1, 4, 1, 1, 4, 1, 1, 4, 1, 1, 4, 1, 1, 4, 1, 1, 4, 1, 1, 4, 1, 1, 4, 1, 1, 4, 1, 1, 4, 1, 1, 4, 1, 1, 4, 1, 1, 4, 1, 1, 4, 1, 1, 4, 1, 1, 4, 1, 1, 4, 1, 1, 4, 1, 1, 4, 1, 1, 4, 1, 1, 4, 1, 1, 4, 1, 1, 4, 1, 1, 4, 1, 1, 4, 1, 1, 4, 1, 1, 4, 1, 1, 4, 1, 1, 4, 1, 1, 4, 1, 1, 4, 1, 1, 4, 1, 1, 4, 1, 1, 4, 1, 1, 4, 1, 1, 4, 1, 1, 4, 1, 1, 4, 1, 1, 4, 1, 1, 4, 1, 1, 4, 1, 1, 4, 1, 1, 4, 1, 1, 4, 1, 1, 4, 1, 1, 4, 1, 1, 4, 1, 1, 4, 1, 1, 4, 1, 1, 4, 1, 1, 4, 1, 1, 4, 1, 1, 4, 1, 1, 4, 1, 1, 4, 1, 1, 4, 1, 1, 4, 1, 1, 4, 1, 1, 4, 1, 1, 4, 1, 1, 4, 1, 1, 4, 1, 1, 4, 1, 1, 4, 1, 1, 4, 1, 1, 4, 1, 1, 4, 1, 1, 4, 1, 1, 4, 1, 1, 4, 1, 1, 4, 1, 1, 4, 1, 1, 4, 1, 1, 4, 1, 1, 4, 1, 1, 4, 1, 1, 4, 1, 1, 4, 1, 1, 4, 1, 1, 4, 1, 1, 4, 1, 1, 4, 1, 1, 4, 1, 1, 4, 1, 1, 4, 1, 1, 4, 1, 1, 4, 1, 1, 4, 1, 1, 4, 1, 1, 4, 1, 1, 4, 1, 1, 4, 1, 1, 4, 1, 1, 4, 1, 1, 4, 1, 1, 4, 1, 1, 4, 1, 1, 4, 1, 1, 4, 1, 1, 4, 1, 1, 4, 1, 1, 4, 1, 1, 4, 1, 1, 4, 1, 1, 4, 1, 1, 4, 1, 1, 4, 1, 1, 4, 1, 1, 4, 1, 1, 4, 1, 1, 4, 1, 1, 4, 1, 1, 4, 1, 1, 4, 1, 1, 4, 1, 1, 4, 1, 1, 4, 1, 1, 4, 1, 1, 4, 1, 1, 4, 1, 1, 4, 1, 1, 4, 1, 1, 4, 1, 1, 4, 1, 1, 4, 1, 1, 4, 1, 1, 4, 1, 1, 4, 1, 1, 4, 1, 1, 4, 1, 1, 4, 1, 1, 4, 1, 1, 4, 1, 1, 4, 1, 1, 4, 1, 1, 4, 4, 1, 1, 4, 1, 1, 5, 3, 1, 4, 1, 1, 4, 1, 1, 5, 3, 1, 0, 1, 1, 0, 1, 1, 2, 3, 1, 0, 1, 1, 0, 1, 1, 2, 3, 1, 4, 1, 1, 4, 1, 1, 5, 3, 1, 4, 1, 1, 5, 3, 1, 5, 3, 1, 0, 1, 1, 0, 1, 1, 2, 3, 1, 0, 1, 1, 2, 3, 1, 2, 3, 1, 5, 3, 1, 8, 7, 1, 5, 3, 1, 8, 7, 1, 5, 3, 1, 8, 7, 1, 2, 3, 1, 6, 7, 1, 2, 3, 1, 6, 7, 1, 2, 3, 1, 6, 7, 1, 8, 7, 1, 13, 10, 1, 8, 7, 1, 12, 12, 1, 10, 13, 1, 12, 12, 1, 6, 7, 1, 9, 10, 1, 6, 7, 1, 9, 10, 1, 11, 12, 1, 9, 10, 1, 13, 10, 1, 8, 7, 1, 13, 10, 1, 10, 13, 1, 12, 12, 1, 10, 13, 1, 9, 10, 1, 6, 7, 1, 9, 10, 1, 11, 12, 1, 14, 13, 1, 11, 12, 1, 12, 12, 1, 13, 10, 1, 12, 12, 1, 7, 8, 1, 10, 13, 1, 7, 8, 1, 11, 12, 1, 9, 10, 1, 11, 12, 1, 14, 13, 1, 11, 12, 1, 14, 13, 1, 10, 13, 1, 7, 8, 1, 10, 13, 1, 7, 8, 1, 3, 5, 1, 7, 8, 1, 15, 8, 1, 15, 8, 1, 16, 5, 1, 14, 13, 1, 15, 8, 1, 15, 8, 1, 3, 5, 1, 1, 4, 1, 3, 5, 1, 3, 5, 1, 7, 8, 1, 3, 5, 1, 1, 4, 1, 16, 5, 1, 16, 5, 1, 15, 8, 1, 16, 5, 1, 16, 5, 1, 5, 3, 1, 4, 1, 1, 4, 1, 1, 13, 10, 1, 12, 12, 1, 13, 10, 1, 2, 3, 1, 0, 1, 1, 0, 1, 1, 14, 13, 1, 15, 8, 1, 14, 13, 1, 3, 5, 1, 1, 4, 1, 1, 4, 1, 1, 4, 1, 1, 4, 1, 16, 5, 1, 0, 1, 1, 0, 1, 1, 2, 16, 1, 0, 1, 1, 0, 1, 1, 2, 16, 1, 4, 1, 1, 4, 1, 1, 5, 16, 1, 4, 1, 1, 4, 1, 1, 5, 16, 1, 0, 1, 1, 0, 1, 1, 2, 16, 1, 0, 1, 1, 2, 16, 1, 2, 16, 1, 4, 1, 1, 4, 1, 1, 5, 16, 1, 4, 1, 1, 5, 16, 1, 5, 16, 1, 2, 16, 1, 6, 15, 1, 2, 16, 1, 6, 15, 1, 2, 16, 1, 6, 15, 1, 5, 16, 1, 8, 15, 1, 5, 16, 1, 8, 15, 1, 5, 16, 1, 8, 15, 1, 6, 15, 1, 9, 14, 1, 6, 15, 1, 11, 11, 1, 14, 9, 1, 11, 11, 1, 8, 15, 1, 13, 14, 1, 8, 15, 1, 13, 14, 1, 12, 11, 1, 13, 14, 1, 9, 14, 1, 6, 15, 1, 9, 14, 1, 14, 9, 1, 11, 11, 1, 14, 9, 1, 13, 14, 1, 8, 15, 1, 13, 14, 1, 12, 11, 1, 10, 9, 1, 12, 11, 1, 11, 11, 1, 9, 14, 1, 11, 11, 1, 15, 6, 1, 14, 9, 1, 15, 6, 1, 12, 11, 1, 13, 14, 1, 12, 11, 1, 10, 9, 1, 12, 11, 1, 10, 9, 1, 14, 9, 1, 15, 6, 1, 14, 9, 1, 15, 6, 1, 16, 2, 1, 15, 6, 1, 7, 6, 1, 7, 6, 1, 3, 2, 1, 10, 9, 1, 7, 6, 1, 7, 6, 1, 16, 2, 1, 1, 0, 1, 16, 2, 1, 16, 2, 1, 15, 6, 1, 16, 2, 1, 1, 0, 1, 3, 2, 1, 3, 2, 1, 7, 6, 1, 3, 2, 1, 3, 2, 1, 2, 16, 1, 0, 1, 1, 0, 1, 1, 9, 14, 1, 11, 11, 1, 9, 14, 1, 5, 16, 1, 4, 1, 1, 4, 1, 1, 10, 9, 1, 7, 6, 1, 10, 9, 1, 16, 2, 1, 1, 0, 1, 1, 0, 1, 1, 0, 1, 1, 0, 1, 3, 2, 1, 1, 1, 0, 1, 1, 0, 1, 1, 0, 1, 1, 0, 1, 1, 0, 1, 1, 0, 1, 1, 0, 1, 1, 0, 1, 1, 0, 1, 1, 0, 1, 1, 0, 1, 1, 0, 1, 1, 0, 1, 1, 0, 1, 1, 0, 1, 1, 0, 1, 1, 0, 1, 1, 0, 1, 1, 0, 1, 1, 0, 1, 1, 0, 1, 1, 0, 1, 1, 0, 1, 1, 0, 1, 1, 0, 1, 1, 0, 1, 1, 0, 1, 1, 0, 1, 1, 0, 1, 1, 0, 1, 1, 0, 1, 1, 0, 1, 1, 0, 1, 1, 0, 1, 1, 0, 1, 1, 0, 1, 1, 0, 1, 1, 0, 1, 1, 0, 1, 1, 0, 1, 1, 0, 1, 1, 0, 1, 1, 0, 1, 1, 0, 1, 1, 0, 1, 1, 0, 1, 1, 0, 1, 1, 0, 1, 1, 0, 1, 1, 0, 1, 1, 0, 1, 1, 0, 1, 1, 0, 1, 1, 0, 1, 1, 0, 1, 1, 0, 1, 1, 0, 1, 1, 0, 1, 1, 0, 1, 1, 0, 1, 1, 0, 1, 1, 0, 1, 1, 0, 1, 1, 0, 1, 1, 0, 1, 1, 0, 1, 1, 0, 1, 1, 0, 1, 1, 0, 1, 1, 0, 1, 1, 0, 1, 1, 0, 1, 1, 0, 1, 1, 0, 1, 1, 0, 1, 1, 0, 1, 1, 0, 1, 1, 0, 1, 1, 0, 1, 1, 0, 1, 1, 0, 1, 1, 0, 1, 1, 0, 1, 1, 0, 1, 1, 0, 1, 1, 0, 1, 1, 0, 1, 1, 0, 1, 1, 0, 1, 1, 0, 1, 1, 0, 1, 1, 0, 1, 1, 0, 1, 1, 0, 1, 1, 0, 1, 1, 0, 1, 1, 0, 1, 1, 0, 1, 1, 0, 1, 1, 0, 1, 1, 0, 1, 1, 0, 1, 1, 0, 1, 1, 0, 1, 1, 0, 1, 1, 0, 1, 1, 0, 1, 1, 0, 1, 1, 0, 1, 1, 0, 1, 1, 0, 1, 1, 0, 1, 1, 0, 1, 1, 0, 1, 1, 0, 1, 1, 0, 1, 1, 0, 1, 1, 0, 1, 1, 0, 1, 1, 0, 1, 1, 0, 1, 1, 0, 1, 1, 0, 1, 1, 0, 1, 1, 0, 1, 1, 0, 1, 1, 0, 1, 1, 0, 1, 1, 0, 1, 1, 0, 1, 1, 0, 1, 1, 0, 1, 1, 0, 1, 1, 0, 1, 1, 0, 1, 1, 0, 1, 1, 0, 1, 1, 0, 1, 1, 0, 1, 1, 0, 1, 1, 0, 1, 1, 0, 1, 1, 0, 1, 1, 0, 1, 1, 0, 1, 1, 0, 1, 1, 0, 1, 1, 0, 1, 1, 0, 1, 1, 0, 1, 1, 0, 1, 1, 0, 1, 1, 0, 1, 1, 0, 1, 1, 0, 1, 