{"colorsData": [{"duration": 840, "data": [0.49019607843137253, 0.49019607843137253, 0.49019607843137253]}], "precision": 2, "values": [0, -100, -98, 20, 100, 98, -92, 38, 92, -83, 56, 83, 71, -56, -71, -38, -20, 736, 146, -200, 750, -146, 530, 624, 417, -530, 278, 416, 354, 287, 693, 490, -354, -287, -417, -624, -750, -736, -693, -490, 462, -191, -278, 191, -500, -416, 500, -462, 200], "normalsIndex": [0, 0, 1, 0, 0, 1, 0, 0, 1, 0, 0, 1, 0, 0, 1, 0, 0, 1, 0, 0, 1, 0, 0, 1, 0, 0, 1, 0, 0, 1, 0, 0, 1, 0, 0, 1, 0, 0, 1, 0, 0, 1, 0, 0, 1, 0, 0, 1, 0, 0, 1, 0, 0, 1, 0, 0, 1, 0, 0, 1, 0, 0, 1, 0, 0, 1, 0, 0, 1, 0, 0, 1, 0, 0, 1, 0, 0, 1, 0, 0, 1, 0, 0, 1, 0, 0, 1, 0, 0, 1, 0, 0, 1, 0, 0, 1, 0, 0, 1, 0, 0, 1, 0, 0, 1, 0, 0, 1, 0, 0, 1, 0, 0, 1, 0, 0, 1, 0, 0, 1, 0, 0, 1, 0, 0, 1, 0, 0, 1, 0, 0, 1, 0, 0, 1, 0, 0, 1, 0, 0, 1, 0, 0, 1, 0, 0, 1, 0, 0, 1, 0, 0, 1, 0, 0, 1, 0, 0, 1, 0, 0, 1, 0, 0, 1, 0, 0, 1, 0, 0, 1, 0, 0, 1, 0, 0, 1, 0, 0, 1, 0, 0, 1, 0, 0, 1, 0, 0, 1, 0, 0, 1, 0, 0, 1, 0, 0, 1, 0, 0, 1, 0, 0, 1, 0, 0, 1, 0, 0, 1, 0, 0, 1, 0, 0, 1, 0, 0, 1, 0, 0, 1, 0, 0, 1, 0, 0, 1, 0, 0, 1, 0, 0, 1, 0, 0, 1, 0, 0, 1, 0, 0, 1, 0, 0, 1, 0, 0, 1, 0, 0, 1, 0, 0, 1, 0, 0, 1, 0, 0, 1, 0, 0, 1, 0, 0, 1, 0, 0, 1, 0, 0, 1, 0, 0, 1, 0, 0, 1, 0, 0, 1, 0, 0, 1, 0, 0, 1, 0, 0, 1, 0, 0, 1, 0, 0, 1, 0, 0, 1, 0, 0, 1, 0, 0, 1, 0, 0, 1, 0, 0, 1, 0, 0, 1, 0, 0, 1, 0, 0, 1, 0, 0, 1, 0, 0, 1, 0, 0, 1, 0, 0, 1, 0, 0, 1, 0, 0, 1, 0, 0, 1, 0, 0, 1, 0, 0, 1, 0, 0, 1, 0, 0, 1, 0, 0, 1, 0, 0, 1, 0, 0, 1, 0, 0, 1, 0, 0, 1, 0, 0, 1, 0, 0, 1, 0, 0, 1, 0, 0, 1, 0, 0, 1, 0, 0, 1, 0, 0, 1, 0, 0, 1, 0, 0, 1, 0, 0, 1, 0, 0, 1, 0, 0, 1, 0, 0, 1, 0, 0, 1, 0, 0, 1, 0, 0, 1, 0, 0, 1, 0, 0, 1, 0, 0, 1, 0, 0, 1, 0, 0, 1, 0, 0, 1, 0, 0, 1, 0, 0, 1, 0, 0, 1, 0, 0, 1, 0, 0, 1, 0, 0, 1, 0, 0, 1, 0, 0, 1, 0, 0, 1, 0, 0, 1, 0, 0, 1, 0, 0, 1, 0, 0, 1, 0, 0, 1, 0, 0, 1, 0, 0, 1, 0, 0, 1, 0, 0, 1, 0, 0, 1, 0, 0, 1, 0, 0, 1, 0, 0, 1, 0, 0, 1, 0, 0, 1, 0, 0, 1, 0, 0, 1, 0, 0, 1, 0, 0, 1, 0, 0, 1, 0, 0, 1, 0, 0, 1, 0, 0, 1, 0, 0, 1, 0, 0, 1, 0, 0, 1, 0, 0, 1, 0, 0, 1, 0, 0, 1, 0, 0, 1, 0, 0, 1, 0, 0, 1, 0, 0, 1, 0, 0, 1, 0, 0, 1, 0, 0, 1, 0, 0, 1, 0, 0, 1, 1, 0, 0, 1, 0, 0, 2, 3, 0, 4, 0, 0, 4, 0, 0, 5, 3, 0, 4, 0, 0, 4, 0, 0, 5, 3, 0, 1, 0, 0, 1, 0, 0, 2, 3, 0, 1, 0, 0, 2, 3, 0, 2, 3, 0, 4, 0, 0, 4, 0, 0, 5, 3, 0, 4, 0, 0, 5, 3, 0, 5, 3, 0, 1, 0, 0, 1, 0, 0, 2, 3, 0, 6, 7, 0, 2, 3, 0, 6, 7, 0, 5, 3, 0, 8, 7, 0, 5, 3, 0, 8, 7, 0, 5, 3, 0, 8, 7, 0, 2, 3, 0, 6, 7, 0, 2, 3, 0, 9, 10, 0, 6, 7, 0, 9, 10, 0, 8, 7, 0, 11, 10, 0, 8, 7, 0, 11, 10, 0, 12, 12, 0, 11, 10, 0, 6, 7, 0, 9, 10, 0, 6, 7, 0, 13, 11, 0, 14, 12, 0, 13, 11, 0, 11, 10, 0, 8, 7, 0, 11, 10, 0, 12, 12, 0, 10, 11, 0, 12, 12, 0, 9, 10, 0, 14, 12, 0, 9, 10, 0, 15, 8, 0, 13, 11, 0, 15, 8, 0, 12, 12, 0, 11, 10, 0, 12, 12, 0, 10, 11, 0, 12, 12, 0, 10, 11, 0, 14, 12, 0, 9, 10, 0, 14, 12, 0, 15, 8, 0, 16, 5, 0, 15, 8, 0, 3, 5, 0, 7, 8, 0, 3, 5, 0, 10, 11, 0, 7, 8, 0, 7, 8, 0, 13, 11, 0, 15, 8, 0, 13, 11, 0, 16, 5, 0, 15, 8, 0, 16, 5, 0, 3, 5, 0, 0, 4, 0, 0, 4, 0, 7, 8, 0, 3, 5, 0, 7, 8, 0, 16, 5, 0, 0, 4, 0, 16, 5, 0, 14, 12, 0, 13, 11, 0, 14, 12, 0, 5, 3, 0, 4, 0, 0, 4, 0, 0, 10, 11, 0, 7, 8, 0, 10, 11, 0, 2, 3, 0, 1, 0, 0, 1, 0, 0, 16, 5, 0, 0, 4, 0, 0, 4, 0, 3, 5, 0, 0, 4, 0, 3, 5, 0, 4, 0, 0, 4, 0, 0, 5, 16, 0, 1, 0, 0, 1, 0, 0, 2, 16, 0, 1, 0, 0, 1, 0, 0, 2, 16, 0, 4, 0, 0, 4, 0, 0, 5, 16, 0, 4, 0, 0, 5, 16, 0, 5, 16, 0, 1, 0, 0, 1, 0, 0, 2, 16, 0, 1, 0, 0, 2, 16, 0, 2, 16, 0, 4, 0, 0, 4, 0, 0, 5, 16, 0, 8, 15, 0, 5, 16, 0, 8, 15, 0, 2, 16, 0, 6, 15, 0, 2, 16, 0, 6, 15, 0, 2, 16, 0, 6, 15, 0, 5, 16, 0, 8, 15, 0, 5, 16, 0, 11, 13, 0, 8, 15, 0, 11, 13, 0, 6, 15, 0, 9, 13, 0, 6, 15, 0, 9, 13, 0, 14, 14, 0, 9, 13, 0, 8, 15, 0, 11, 13, 0, 8, 15, 0, 10, 9, 0, 12, 14, 0, 10, 9, 0, 9, 13, 0, 6, 15, 0, 9, 13, 0, 14, 14, 0, 13, 9, 0, 14, 14, 0, 11, 13, 0, 12, 14, 0, 11, 13, 0, 7, 6, 0, 10, 9, 0, 7, 6, 0, 14, 14, 0, 9, 13, 0, 14, 14, 0, 13, 9, 0, 14, 14, 0, 13, 9, 0, 12, 14, 0, 11, 13, 0, 12, 14, 0, 7, 6, 0, 3, 2, 0, 7, 6, 0, 16, 2, 0, 15, 6, 0, 16, 2, 0, 13, 9, 0, 15, 6, 0, 15, 6, 0, 10, 9, 0, 7, 6, 0, 10, 9, 0, 3, 2, 0, 7, 6, 0, 3, 2, 0, 16, 2, 0, 0, 1, 0, 0, 1, 0, 15, 6, 0, 16, 2, 0, 15, 6, 0, 3, 2, 0, 0, 1, 0, 3, 2, 0, 12, 14, 0, 10, 9, 0, 12, 14, 0, 2, 16, 0, 1, 0, 0, 1, 0, 0, 13, 9, 0, 15, 6, 0, 13, 9, 0, 5, 16, 0, 4, 0, 0, 4, 0, 0, 3, 2, 0, 0, 1, 0, 0, 1, 0, 16, 2, 0, 0, 1, 0, 16, 2, 0, 0, 0, 4, 0, 0, 4, 0, 0, 4, 0, 0, 4, 0, 0, 4, 0, 0, 4, 0, 0, 4, 0, 0, 4, 0, 0, 4, 0, 0, 4, 0, 0, 4, 0, 0, 4, 0, 0, 4, 0, 0, 4, 0, 0, 4, 0, 0, 4, 0, 0, 4, 0, 0, 4, 0, 0, 4, 0, 0, 4, 0, 0, 4, 0, 0, 4, 0, 0, 4, 0, 0, 4, 0, 0, 4, 0, 0, 4, 0, 0, 4, 0, 0, 4, 0, 0, 4, 0, 0, 4, 0, 0, 4, 0, 0, 4, 0, 0, 4, 0, 0, 4, 0, 0, 4, 0, 0, 4, 0, 0, 4, 0, 0, 4, 0, 0, 4, 0, 0, 4, 0, 0, 4, 0, 0, 4, 0, 0, 4, 0, 0, 4, 0, 0, 4, 0, 0, 4, 0, 0, 4, 0, 0, 4, 0, 0, 4, 0, 0, 4, 0, 0, 4, 0, 0, 4, 0, 0, 4, 0, 0, 4, 0, 0, 4, 0, 0, 4, 0, 0, 4, 0, 0, 4, 0, 0, 4, 0, 0, 4, 0, 0, 4, 0, 0, 4, 0, 0, 4, 0, 0, 4, 0, 0, 4, 0, 0, 4, 0, 0, 4, 0, 0, 4, 0, 0, 4, 0, 0, 4, 0, 0, 4, 0, 0, 4, 0, 0, 4, 0, 0, 4, 0, 0, 4, 0, 0, 4, 0, 0, 4, 0, 0, 4, 0, 0, 4, 0, 0, 4, 0, 0, 4, 0, 0, 4, 0, 0, 4, 0, 0, 4, 0, 0, 4, 0, 0, 4, 0, 0, 4, 0, 0, 4, 0, 0, 4, 0, 0, 4, 0, 0, 4, 0, 0, 4, 0, 0, 4, 0, 0, 4, 0, 0, 4, 0, 0, 4, 0, 0, 4, 0, 0, 4, 0, 0, 4, 0, 0, 4, 0, 0, 4, 0, 0, 4, 0, 0, 4, 0, 0, 4, 0, 0, 4, 0, 0, 4, 0, 0, 4, 0, 0, 4, 0, 0, 4, 0, 0, 4, 0, 0, 4, 0, 0, 4, 0, 0, 4, 0, 0, 4, 0, 0, 4, 0, 0, 4, 0, 0, 4, 0, 0, 4, 0, 0, 4, 0, 0, 4, 0, 0, 4, 0, 0, 4, 0, 0, 4, 0, 0, 4, 0, 0, 4, 0, 0, 4, 0, 0, 4, 0, 0, 4, 0, 0, 4, 0, 0, 4, 0, 0, 4, 0, 0, 4, 0, 0, 4, 0, 0, 4, 0, 0, 4, 0, 0, 4, 0, 0, 4, 0, 0, 4, 0, 0, 4, 0, 0, 4, 0, 0, 4, 0, 0, 4, 0, 0, 4, 0, 0, 4, 0, 0, 4, 0, 0, 4, 0, 0, 4, 0, 0, 4, 0, 0, 4, 0, 0, 4, 0, 0, 4, 0, 0, 4, 0, 0, 4, 0, 0, 4, 0, 0, 4, 0, 0, 4, 0, 0, 4, 0, 0, 4, 0, 0, 4, 0, 0, 4, 0, 0, 4, 0, 0, 4, 0, 0, 4, 0, 0, 4, 0, 0, 4, 0, 0, 4, 0, 0, 4, 0, 0, 4, 0, 0, 4, 0, 0, 4, 0, 0, 4, 0, 0, 4, 0, 0, 4, 0, 0, 4, 0, 0, 4, 0, 0, 4, 0, 0, 4, 0, 0, 4, 0, 0, 4, 0, 0, 4, 0, 0, 4, 0, 0, 4, 0, 0, 4, 0, 0, 4, 0, 0, 4, 0, 0, 4, 0, 0, 4, 0, 0, 4, 0, 0, 4, 0, 0, 4, 0, 0, 4, 0, 0, 4, 1, 0, 0, 1, 0, 0, 2, 3, 0, 1, 0, 0, 1, 0, 0, 2, 3, 0, 4, 0, 0, 4, 0, 0, 5, 3, 0, 4, 0, 0, 4, 0, 0, 5, 3, 0, 1, 0, 0, 1, 0, 0, 2, 3, 0, 1, 0, 0, 2, 3, 0, 2, 3, 0, 4, 0, 0, 4, 0, 0, 5, 3, 0, 4, 0, 0, 5, 3, 0, 5, 3, 0, 2, 3, 0, 6, 7, 0, 2, 3, 0, 6, 7, 0, 2, 3, 0, 6, 7, 0, 5, 3, 0, 8, 7, 0, 5, 3, 0, 8, 7, 0, 5, 3, 0, 8, 7, 0, 6, 7, 0, 9, 10, 0, 6, 7, 0, 14, 12, 0, 13, 11, 0, 14, 12, 0, 8, 7, 0, 11, 10, 0, 8, 7, 0, 11, 10, 0, 8, 7, 0, 11, 10, 0, 9, 10, 0, 14, 12, 0, 9, 10, 0, 13, 11, 0, 14, 12, 0, 13, 11, 0, 11, 10, 0, 12, 12, 0, 11, 10, 0, 12, 12, 0, 10, 11, 0, 12, 12, 0, 14, 12, 0, 9, 10, 0, 14, 12, 0, 15, 8, 0, 13, 11, 0, 15, 8, 0, 12, 12, 0, 11, 10, 0, 12, 12, 0, 10, 11, 0, 12, 12, 0, 10, 11, 0, 13, 11, 0, 15, 8, 0, 13, 11, 0, 15, 8, 0, 16, 5, 0, 15, 8, 0, 3, 5, 0, 7, 8, 0, 3, 5, 0, 10, 11, 0, 7, 8, 0, 7, 8, 0, 16, 5, 0, 0, 4, 0, 16, 5, 0, 16, 5, 0, 15, 8, 0, 16, 5, 0, 3, 5, 0, 0, 4, 0, 0, 4, 0, 7, 8, 0, 3, 5, 0, 7, 8, 0, 2, 3, 0, 1, 0, 0, 1, 0, 0, 9, 10, 0, 6, 7, 0, 9, 10, 0, 5, 3, 0, 4, 0, 0, 4, 0, 0, 10, 11, 0, 7, 8, 0, 10, 11, 0, 16, 5, 0, 0, 4, 0, 0, 4, 0, 3, 5, 0, 0, 4, 0, 3, 5, 0, 4, 0, 0, 4, 0, 0, 5, 16, 0, 4, 0, 0, 4, 0, 0, 5, 16, 0, 1, 0, 0, 1, 0, 0, 2, 16, 0, 1, 0, 0, 1, 0, 0, 2, 16, 0, 4, 0, 0, 4, 0, 0, 5, 16, 0, 4, 0, 0, 5, 16, 0, 5, 16, 0, 1, 0, 0, 1, 0, 0, 2, 16, 0, 1, 0, 0, 2, 16, 0, 2, 16, 0, 5, 16, 0, 8, 15, 0, 5, 16, 0, 8, 15, 0, 5, 16, 0, 8, 15, 0, 2, 16, 0, 6, 15, 0, 2, 16, 0, 6, 15, 0, 2, 16, 0, 6, 15, 0, 8, 15, 0, 11, 13, 0, 8, 15, 0, 12, 14, 0, 10, 9, 0, 12, 14, 0, 6, 15, 0, 9, 13, 0, 6, 15, 0, 9, 13, 0, 6, 15, 0, 9, 13, 0, 11, 13, 0, 12, 14, 0, 11, 13, 0, 10, 9, 0, 12, 14, 0, 10, 9, 0, 9, 13, 0, 14, 14, 0, 9, 13, 0, 14, 14, 0, 13, 9, 0, 14, 14, 0, 12, 14, 0, 11, 13, 0, 12, 14, 0, 7, 6, 0, 10, 9, 0, 7, 6, 0, 14, 14, 0, 9, 13, 0, 14, 14, 0, 13, 9, 0, 14, 14, 0, 13, 9, 0, 10, 9, 0, 7, 6, 0, 10, 9, 0, 7, 6, 0, 3, 2, 0, 7, 6, 0, 16, 2, 0, 15, 6, 0, 16, 2, 0, 