{"colorsData": [{"duration": 588, "data": [0.49019607843137253, 0.49019607843137253, 0.49019607843137253]}], "precision": 2, "values": [0, -100, -71, -65, 27, 71, 65, -50, 50, -27, -4, -66, -26, 70, -9, -13, 69, -17, -52, -48, -32, -63, 58, -40, -70, 40, -58, 17, -69, 100, -6, -94, -35, 99, -12, 98, -18, -74, -68, -75, -47, -88, -93, -36, -19, -46, -89, 97, -25, -99, 82, -57, 81, 57, -82, 23, -97, 55, -84, 24, -92, 38, 92, -38, -5, -53, -33, -62, -41, 39, -59, 16, 96, 231, -2250, 177, 142, -206, 59, -243, -248, 250, -184, -169, -177, -231, -233, -91, -96, -115, -222, 205, -143, -15, 248, -30, -250, 246, 242, -277, 115, -2200, -300, -262, -2238, 300, 277, 262, -275, -2225, -287, -2213, 287, 275, -212, 212, -279, -109, 298, -37, 299, 295, -55, -221, -203, 291, -171, -138, -267, 171, -247, -298, -291, -1100, 2200, 1100, -281, -105, -226, -197, -141, -265, -56, 244, -175, 68, -292, 164, -251, 2225, 2250, 2238, 2213, 2219, 249, -16, -234, -189, -164, -117, 203, -146, 136, -210, 56, -244], "normalsIndex": [0, 0, 1, 0, 0, 1, 0, 0, 1, 0, 0, 1, 0, 0, 1, 0, 0, 1, 0, 0, 1, 0, 0, 1, 0, 0, 1, 0, 0, 1, 0, 0, 1, 0, 0, 1, 0, 0, 1, 0, 0, 1, 0, 0, 1, 0, 0, 1, 0, 0, 1, 0, 0, 1, 0, 0, 1, 0, 0, 1, 0, 0, 1, 0, 0, 1, 0, 0, 1, 0, 0, 1, 0, 0, 1, 0, 0, 1, 0, 0, 1, 0, 0, 1, 0, 0, 1, 0, 0, 1, 0, 0, 1, 0, 0, 1, 0, 0, 1, 0, 0, 1, 0, 0, 1, 0, 0, 1, 0, 0, 1, 0, 0, 1, 0, 0, 1, 0, 0, 1, 0, 0, 1, 0, 0, 1, 0, 0, 1, 0, 0, 1, 0, 0, 1, 0, 0, 1, 0, 0, 1, 0, 0, 1, 0, 0, 1, 0, 0, 1, 0, 0, 1, 0, 0, 1, 0, 0, 1, 0, 0, 1, 2, 0, 2, 3, 4, 2, 3, 4, 2, 2, 0, 2, 2, 0, 2, 2, 0, 2, 5, 0, 2, 6, 4, 2, 6, 4, 2, 5, 0, 2, 6, 4, 2, 5, 0, 2, 2, 0, 2, 2, 0, 2, 2, 0, 2, 2, 0, 2, 2, 0, 2, 2, 0, 2, 5, 0, 2, 5, 0, 2, 6, 4, 2, 5, 0, 2, 6, 4, 2, 5, 0, 2, 2, 0, 2, 3, 4, 2, 2, 0, 2, 5, 0, 2, 5, 0, 2, 6, 4, 2, 3, 4, 2, 7, 8, 2, 3, 4, 2, 6, 4, 2, 8, 8, 2, 6, 4, 2, 3, 4, 2, 7, 8, 2, 7, 8, 2, 6, 4, 2, 8, 8, 2, 8, 8, 2, 7, 8, 2, 9, 6, 2, 7, 8, 2, 8, 8, 2, 4, 6, 2, 8, 8, 2, 7, 8, 2, 9, 6, 2, 9, 6, 2, 8, 8, 2, 4, 6, 2, 4, 6, 2, 9, 6, 2, 0, 5, 2, 9, 6, 2, 4, 6, 2, 0, 5, 2, 4, 6, 2, 9, 6, 2, 0, 5, 2, 0, 5, 2, 4, 6, 2, 0, 5, 2, 0, 5, 2, 5, 0, 2, 5, 0, 2, 5, 10, 2, 5, 0, 2, 5, 0, 2, 5, 10, 2, 2, 0, 2, 11, 12, 2, 11, 12, 2, 2, 0, 2, 11, 12, 2, 2, 0, 2, 13, 14, 2, 5, 10, 2, 13, 14, 2, 5, 0, 2, 5, 10, 2, 5, 10, 2, 2, 0, 2, 2, 0, 2, 11, 12, 2, 2, 0, 2, 11, 12, 2, 2, 0, 2, 13, 15, 2, 13, 14, 2, 13, 15, 2, 5, 10, 2, 13, 14, 2, 5, 10, 2, 2, 0, 2, 2, 0, 2, 11, 12, 2, 16, 17, 2, 13, 15, 2, 13, 15, 2, 13, 14, 2, 13, 15, 2, 13, 14, 2, 11, 12, 2, 18, 19, 2, 11, 12, 2, 5, 10, 2, 5, 0, 2, 5, 0, 2, 5, 0, 2, 5, 0, 2, 5, 10, 2, 11, 12, 2, 18, 19, 2, 18, 19, 2, 16, 17, 2, 16, 17, 2, 13, 15, 2, 18, 19, 2, 20, 21, 2, 18, 19, 2, 16, 17, 2, 22, 23, 2, 16, 17, 2, 18, 19, 2, 20, 21, 2, 20, 21, 2, 16, 17, 2, 22, 23, 2, 22, 23, 2, 20, 21, 2, 14, 24, 2, 20, 21, 2, 22, 23, 2, 25, 26, 2, 22, 23, 2, 20, 21, 2, 14, 24, 2, 14, 24, 2, 22, 23, 2, 25, 26, 2, 25, 26, 2, 14, 24, 2, 27, 28, 2, 14, 24, 2, 25, 26, 2, 27, 28, 2, 25, 26, 2, 14, 24, 2, 27, 28, 2, 27, 28, 2, 25, 26, 2, 27, 28, 2, 27, 28, 2, 29, 0, 0, 29, 0, 0, 29, 30, 0, 29, 0, 0, 29, 0, 0, 29, 30, 0, 1, 0, 0, 1, 0, 0, 31, 32, 0, 1, 0, 0, 1, 0, 0, 31, 32, 0, 33, 15, 0, 33, 34, 0, 35, 36, 0, 29, 0, 0, 29, 30, 0, 29, 30, 0, 37, 38, 0, 39, 11, 0, 40, 41, 0, 1, 0, 0, 42, 43, 0, 31, 32, 0, 33, 15, 0, 35, 44, 0, 35, 36, 0, 33, 34, 0, 29, 30, 0, 29, 30, 0, 37, 38, 0, 45, 46, 0, 40, 41, 0, 39, 11, 0, 31, 32, 0, 42, 43, 0, 47, 48, 0, 35, 36, 0, 35, 44, 0, 33, 34, 0, 33, 15, 0, 29, 30, 0, 34, 49, 0, 40, 41, 0, 45, 46, 0, 39, 11, 0, 37, 38, 0, 42, 43, 0, 47, 48, 0, 50, 51, 0, 47, 48, 0, 52, 26, 0, 53, 54, 0, 50, 51, 0, 34, 49, 0, 55, 56, 0, 15, 49, 0, 34, 49, 0, 15, 49, 0, 45, 46, 0, 52, 26, 0, 47, 48, 0, 50, 51, 0, 53, 54, 0, 52, 26, 0, 57, 58, 0, 59, 56, 0, 15, 49, 0, 55, 56, 0, 53, 54, 0, 59, 56, 0, 57, 58, 0, 59, 56, 0, 57, 58, 0, 55, 56, 0, 29, 0, 0, 29, 0, 0, 29, 30, 0, 47, 48, 0, 47, 48, 0, 35, 44, 0, 1, 0, 0, 1, 0, 0, 31, 32, 0, 31, 32, 0, 1, 0, 0, 1, 0, 0, 29, 30, 0, 29, 0, 0, 29, 0, 0, 60, 61, 0, 1, 0, 0, 60, 61, 0, 1, 0, 0, 60, 61, 0, 1, 0, 0, 29, 0, 0, 29, 0, 0, 62, 61, 0, 62, 61, 0, 29, 0, 0, 62, 61, 0, 63, 62, 0, 2, 5, 0, 2, 5, 0, 60, 61, 0, 1, 0, 0, 1, 0, 0, 29, 0, 0, 29, 0, 0, 62, 61, 0, 5, 5, 0, 62, 61, 0, 5, 5, 0, 63, 62, 0, 63, 62, 0, 0, 29, 0, 1, 0, 0, 1, 0, 0, 60, 61, 0, 62, 61, 0, 5, 5, 0, 62, 61, 0, 5, 5, 0, 61, 62, 0, 5, 5, 0, 63, 62, 0, 0, 29, 0, 0, 29, 0, 2, 5, 0, 2, 5, 0, 60, 61, 0, 61, 62, 0, 61, 62, 0, 0, 29, 0, 5, 5, 0, 61, 62, 0, 61, 62, 0, 63, 62, 0, 63, 62, 0, 2, 5, 0, 61, 62, 0, 0, 29, 0, 0, 29, 0, 60, 61, 0, 1, 0, 0, 1, 0, 0, 29, 0, 0, 29, 0, 0, 62, 61, 0, 62, 61, 0, 29, 0, 0, 29, 0, 0, 2, 5, 0, 60, 61, 0, 60, 61, 0, 3, 4, 5, 2, 0, 5, 2, 0, 5, 2, 0, 5, 2, 0, 5, 2, 0, 5, 5, 0, 5, 6, 4, 5, 6, 4, 5, 5, 0, 5, 6, 4, 5, 5, 0, 5, 2, 0, 5, 2, 0, 5, 2, 0, 5, 2, 0, 5, 2, 0, 5, 2, 0, 5, 5, 0, 5, 5, 0, 5, 6, 4, 5, 5, 0, 5, 6, 4, 5, 5, 0, 5, 3, 4, 5, 3, 4, 5, 2, 0, 5, 5, 0, 5, 5, 0, 5, 6, 4, 5, 3, 4, 5, 3, 4, 5, 7, 8, 5, 6, 4, 5, 6, 4, 5, 8, 8, 5, 3, 4, 5, 7, 8, 5, 7, 8, 5, 6, 4, 5, 8, 8, 5, 8, 8, 5, 7, 8, 5, 7, 8, 5, 9, 6, 5, 8, 8, 5, 8, 8, 5, 4, 6, 5, 7, 8, 5, 9, 6, 5, 9, 6, 5, 8, 8, 5, 4, 6, 5, 4, 6, 5, 9, 6, 5, 9, 6, 5, 0, 5, 5, 4, 6, 5, 4, 6, 5, 0, 5, 5, 9, 6, 5, 0, 5, 5, 0, 5, 5, 4, 6, 5, 0, 5, 5, 0, 5, 5, 3, 4, 5, 2, 0, 5, 2, 0, 5, 2, 0, 5, 2, 0, 5, 2, 0, 5, 2, 0, 5, 2, 0, 5, 2, 0, 5, 2, 0, 5, 2, 0, 5, 2, 0, 5, 5, 64, 5, 13, 14, 5, 5, 64, 5, 5, 0, 5, 5, 64, 5, 5, 0, 5, 2, 0, 5, 11, 48, 5, 11, 48, 5, 2, 0, 5, 11, 48, 5, 2, 0, 5, 13, 14, 5, 16, 15, 5, 13, 14, 5, 5, 64, 5, 5, 0, 5, 5, 0, 5, 2, 0, 5, 2, 0, 5, 11, 48, 5, 2, 0, 5, 11, 48, 5, 2, 0, 5, 16, 15, 5, 13, 14, 5, 16, 15, 5, 5, 0, 5, 5, 0, 5, 5, 64, 5, 2, 0, 5, 2, 0, 5, 11, 48, 5, 16, 15, 5, 16, 17, 5, 16, 17, 5, 13, 14, 5, 5, 64, 5, 13, 14, 5, 11, 48, 5, 11, 48, 5, 65, 45, 5, 5, 64, 5, 5, 0, 5, 5, 64, 5, 5, 64, 5, 5, 0, 5, 5, 0, 5, 11, 48, 5, 65, 45, 5, 65, 45, 5, 16, 15, 5, 16, 17, 5, 16, 15, 5, 65, 45, 5, 65, 45, 5, 66, 67, 5, 16, 17, 5, 16, 17, 5, 53, 68, 5, 65, 45, 5, 66, 67, 5, 66, 67, 5, 16, 17, 5, 53, 68, 5, 53, 68, 5, 66, 67, 5, 66, 67, 5, 14, 24, 5, 53, 68, 5, 53, 68, 5, 69, 70, 5, 66, 67, 5, 14, 24, 5, 14, 24, 5, 53, 68, 5, 69, 70, 5, 69, 70, 5, 14, 24, 5, 14, 24, 5, 71, 28, 5, 69, 70, 5, 69, 70, 5, 71, 28, 5, 14, 24, 5, 71, 28, 5, 71, 28, 5, 69, 70, 5, 71, 28, 5, 71, 28, 5, 0, 0, 29, 0, 0, 29, 0, 0, 29, 0, 0, 29, 0, 0, 29, 0, 0, 29, 0, 0, 29, 0, 0, 29, 0, 0, 29, 0, 0, 29, 0, 0, 29, 0, 0, 29, 0, 0, 29, 0, 0, 29, 0, 0, 29, 0, 0, 29, 0, 0, 29, 0, 0, 29, 0, 0, 29, 0, 0, 29, 0, 0, 29, 0, 0, 29, 0, 0, 29, 0, 0, 29, 0, 0, 29, 0, 0, 29, 0, 0, 29, 0, 0, 29, 0, 0, 29, 0, 0, 29, 0, 0, 29, 0, 0, 29, 0, 0, 29, 0, 0, 29, 0, 0, 29, 0, 0, 29, 0, 0, 29, 0, 0, 29, 0, 0, 29, 0, 0, 29, 0, 0, 29, 0, 0, 29, 0, 0, 29, 0, 0, 29, 0, 0, 29, 0, 0, 29, 0, 0, 29, 0, 0, 29, 0, 0, 29, 0, 0, 29, 0, 0, 29, 0, 0, 29, 0, 0, 29, 0, 0, 29],