{"colorsData": [{"duration": 816, "data": [0.49019607843137253, 0.49019607843137253, 0.49019607843137253]}], "precision": 2, "values": [0, 88, -48, 77, -64, -88, 48, -95, 30, -99, 11, 63, -78, 46, -89, -100, -9, 28, -96, -28, 9, -46, -11, -63, -30, -77, 64, 95, -67, 75, 93, -37, 97, -26, 78, 99, 89, -13, -38, 100, 96, -7, 32, 24, 80, 61, 55, 84, -98, 20, 98, -92, 38, 92, -83, 56, 83, -71, 71, -56, -20, 50, -132, 72, -115, 132, -72, 143, -45, 13, 25, 149, -16, -94, 117, -69, 133, -42, 144, 42, 69, 16, 94, 45, 115, -143, -112, -139, -145, -117, -149, -133, -150, -144, -142, -36, -146, -119, -91, -82, -125, -392, -333, -222, -283, -153, -370, 153, -400, 222, 283, 333, 370, 392, 400], "normalsIndex": [0, 1, 2, 0, 1, 2, 0, 3, 4, 0, 5, 6, 0, 5, 6, 0, 7, 8, 0, 5, 6, 0, 5, 6, 0, 7, 8, 0, 1, 2, 0, 1, 2, 0, 3, 4, 0, 1, 2, 0, 1, 2, 0, 3, 4, 0, 5, 6, 0, 5, 6, 0, 7, 8, 0, 5, 6, 0, 5, 6, 0, 7, 8, 0, 1, 2, 0, 1, 2, 0, 3, 4, 0, 1, 2, 0, 3, 4, 0, 3, 4, 0, 9, 10, 0, 7, 8, 0, 7, 8, 0, 5, 6, 0, 7, 8, 0, 7, 8, 0, 11, 12, 0, 3, 4, 0, 11, 12, 0, 3, 4, 0, 11, 12, 0, 3, 4, 0, 9, 10, 0, 9, 10, 0, 7, 8, 0, 11, 12, 0, 13, 14, 0, 11, 12, 0, 9, 10, 0, 15, 16, 0, 9, 10, 0, 11, 12, 0, 13, 14, 0, 13, 14, 0, 9, 10, 0, 15, 16, 0, 15, 16, 0, 13, 14, 0, 17, 18, 0, 13, 14, 0, 15, 16, 0, 18, 19, 0, 15, 16, 0, 13, 14, 0, 17, 18, 0, 17, 18, 0, 15, 16, 0, 18, 19, 0, 18, 19, 0, 17, 18, 0, 20, 15, 0, 17, 18, 0, 18, 19, 0, 18, 19, 0, 14, 21, 0, 17, 18, 0, 20, 15, 0, 20, 15, 0, 18, 19, 0, 14, 21, 0, 14, 21, 0, 20, 15, 0, 22, 9, 0, 20, 15, 0, 14, 21, 0, 14, 21, 0, 12, 23, 0, 20, 15, 0, 22, 9, 0, 22, 9, 0, 14, 21, 0, 12, 23, 0, 12, 23, 0, 22, 9, 0, 24, 7, 0, 22, 9, 0, 12, 23, 0, 12, 23, 0, 4, 25, 0, 22, 9, 0, 24, 7, 0, 24, 7, 0, 12, 23, 0, 4, 25, 0, 4, 25, 0, 24, 7, 0, 2, 5, 0, 24, 7, 0, 4, 25, 0, 4, 25, 0, 2, 5, 0, 2, 5, 0, 24, 7, 0, 2, 5, 0, 2, 5, 0, 4, 25, 0, 2, 5, 0, 5, 6, 0, 25, 26, 0, 5, 6, 0, 1, 2, 0, 1, 2, 0, 27, 24, 0, 1, 2, 0, 1, 2, 0, 27, 24, 0, 28, 29, 0, 5, 6, 0, 25, 26, 0, 5, 6, 0, 25, 26, 0, 5, 6, 0, 1, 2, 0, 1, 2, 0, 27, 24, 0, 1, 2, 0, 30, 31, 0, 27, 24, 0, 5, 6, 0, 5, 6, 0, 25, 26, 0, 25, 26, 0, 5, 6, 0, 5, 6, 0, 1, 2, 0, 1, 2, 0, 27, 24, 0, 30, 31, 0, 32, 33, 0, 27, 24, 0, 28, 29, 0, 23, 34, 0, 25, 26, 0, 32, 33, 0, 27, 24, 0, 35, 22, 0, 23, 34, 0, 21, 36, 0, 28, 29, 0, 32, 33, 0, 35, 37, 0, 35, 22, 0, 28, 29, 0, 21, 36, 0, 38, 30, 0, 35, 37, 0, 39, 0, 0, 35, 22, 0, 21, 36, 0, 19, 40, 0, 38, 30, 0, 35, 22, 0, 39, 0, 0, 39, 20, 0, 38, 30, 0, 19, 40, 0, 41, 39, 0, 39, 0, 0, 27, 42, 0, 39, 20, 0, 19, 40, 0, 16, 39, 0, 41, 39, 0, 39, 20, 0, 27, 42, 0, 40, 17, 0, 16, 39, 0, 10, 35, 0, 41, 39, 0, 40, 17, 0, 27, 42, 0, 36, 13, 0, 41, 39, 0, 10, 35, 0, 43, 32, 0, 27, 42, 0, 44, 45, 0, 36, 13, 0, 10, 35, 0, 8, 27, 0, 43, 32, 0, 36, 13, 0, 44, 45, 0, 34, 11, 0, 8, 27, 0, 6, 1, 0, 43, 32, 0, 34, 11, 0, 44, 45, 0, 26, 3, 0, 43, 32, 0, 6, 1, 0, 46, 47, 0, 44, 45, 0, 46, 47, 0, 26, 3, 0, 6, 1, 0, 26, 3, 0, 46, 47, 39, 0, 0, 39, 0, 0, 39, 0, 0, 39, 0, 0, 39, 0, 0, 39, 0, 0, 39, 0, 0, 39, 0, 0, 39, 0, 0, 39, 0, 0, 39, 0, 0, 39, 0, 0, 39, 0, 0, 39, 0, 0, 39, 0, 0, 39, 0, 0, 39, 0, 0, 39, 0, 0, 39, 0, 0, 39, 0, 0, 39, 0, 0, 39, 0, 0, 39, 0, 0, 39, 0, 0, 39, 0, 0, 39, 0, 0, 39, 0, 0, 39, 0, 0, 39, 0, 0, 39, 0, 0, 39, 0, 0, 39, 0, 0, 39, 0, 0, 39, 0, 0, 39, 0, 0, 39, 0, 0, 39, 0, 0, 39, 0, 0, 39, 0, 0, 39, 0, 0, 39, 0, 0, 39, 0, 0, 39, 0, 0, 39, 0, 0, 39, 0, 0, 39, 0, 0, 39, 0, 0, 39, 0, 0, 39, 0, 0, 39, 0, 0, 39, 0, 0, 39, 0, 0, 39, 0, 0, 39, 0, 0, 39, 0, 0, 39, 0, 0, 39, 0, 0, 39, 0, 0, 39, 0, 0, 39, 0, 0, 39, 0, 0, 39, 0, 0, 39, 0, 0, 39, 0, 0, 39, 0, 0, 39, 0, 0, 39, 0, 0, 39, 0, 0, 39, 0, 0, 39, 0, 0, 39, 0, 0, 39, 0, 0, 39, 0, 0, 39, 0, 0, 39, 0, 0, 39, 0, 0, 39, 0, 0, 39, 0, 0, 39, 0, 0, 39, 0, 0, 39, 0, 0, 39, 0, 0, 39, 0, 0, 39, 0, 0, 39, 0, 0, 39, 0, 0, 39, 0, 0, 39, 0, 0, 39, 0, 0, 39, 0, 0, 39, 0, 0, 39, 0, 0, 39, 0, 0, 39, 0, 0, 39, 0, 0, 39, 0, 0, 39, 0, 0, 39, 0, 0, 39, 0, 0, 39, 0, 0, 39, 0, 0, 39, 0, 0, 39, 0, 0, 39, 0, 0, 39, 0, 0, 39, 0, 0, 39, 0, 0, 39, 0, 0, 39, 0, 0, 39, 0, 0, 39, 0, 0, 39, 0, 0, 39, 0, 0, 39, 0, 0, 39, 0, 0, 39, 0, 0, 39, 0, 0, 39, 0, 0, 39, 0, 0, 39, 0, 0, 39, 0, 0, 39, 0, 0, 39, 0, 0, 39, 0, 0, 39, 0, 0, 39, 0, 0, 39, 0, 0, 39, 0, 0, 39, 0, 0, 39, 0, 0, 39, 0, 0, 39, 0, 0, 39, 0, 0, 39, 0, 0, 39, 0, 0, 39, 0, 0, 39, 0, 0, 39, 0, 0, 39, 0, 0, 39, 0, 0, 39, 0, 0, 39, 0, 0, 39, 0, 0, 39, 0, 0, 39, 0, 0, 39, 0, 0, 39, 0, 0, 39, 0, 0, 39, 0, 0, 39, 0, 0, 39, 0, 0, 39, 0, 0, 39, 0, 0, 39, 0, 0, 39, 0, 0, 39, 0, 0, 39, 0, 0, 39, 0, 0, 39, 0, 0, 39, 0, 0, 39, 0, 0, 39, 0, 0, 39, 0, 0, 39, 0, 0, 39, 0, 0, 39, 0, 0, 39, 0, 0, 39, 0, 0, 39, 0, 0, 39, 0, 0, 39, 0, 0, 39, 0, 0, 39, 0, 0, 39, 0, 0, 39, 0, 0, 39, 0, 0, 39, 0, 0, 39, 0, 0, 39, 0, 0, 39, 0, 0, 39, 0, 0, 39, 0, 0, 39, 0, 0, 39, 0, 0, 39, 0, 0, 39, 0, 0, 39, 0, 0, 39, 0, 0, 39, 0, 0, 39, 0, 0, 39, 0, 0, 39, 0, 0, 0, 15, 0, 0, 15, 0, 0, 48, 49, 0, 15, 0, 0, 15, 0, 0, 48, 49, 0, 39, 0, 0, 39, 0, 0, 50, 49, 0, 39, 0, 0, 39, 0, 0, 50, 49, 0, 15, 0, 0, 15, 0, 0, 48, 49, 0, 15, 0, 0, 15, 0, 0, 48, 49, 0, 39, 0, 0, 39, 0, 0, 50, 49, 0, 39, 0, 0, 39, 0, 0, 50, 49, 0, 51, 52, 0, 48, 49, 0, 48, 49, 0, 15, 0, 0, 48, 49, 0, 48, 49, 0, 53, 52, 0, 50, 49, 0, 50, 49, 0, 39, 0, 0, 50, 49, 0, 50, 49, 0, 51, 52, 0, 51, 52, 0, 48, 49, 0, 53, 52, 0, 53, 52, 0, 50, 49, 0, 51, 52, 0, 51, 52, 0, 54, 55, 0, 53, 52, 0, 53, 52, 0, 56, 55, 0, 51, 52, 0, 54, 55, 0, 54, 55, 0, 53, 52, 0, 56, 55, 0, 56, 55, 0, 54, 55, 0, 54, 55, 0, 57, 58, 0, 56, 55, 0, 56, 55, 0, 58, 58, 0, 54, 55, 0, 57, 58, 0, 57, 58, 0, 56, 55, 0, 58, 58, 0, 58, 58, 0, 57, 58, 0, 59, 56, 0, 57, 58, 0, 58, 58, 0, 55, 56, 0, 58, 58, 0, 57, 58, 0, 59, 56, 0, 59, 56, 0, 58, 58, 0, 55, 56, 0, 55, 56, 0, 59, 56, 0, 38, 53, 0, 59, 56, 0, 55, 56, 0, 52, 53, 0, 55, 56, 0, 59, 56, 0, 38, 53, 0, 38, 53, 0, 55, 56, 0, 52, 53, 0, 52, 53, 0, 38, 53, 0, 38, 53, 0, 60, 50, 0, 52, 53, 0, 52, 53, 0, 49, 50, 0, 38, 53, 0, 60, 50, 0, 60, 50, 0, 52, 53, 0, 49, 50, 0, 49, 50, 0, 60, 50, 0, 60, 50, 0, 0, 39, 0, 49, 50, 0, 49, 50, 0, 0, 39, 0, 60, 50, 0, 0, 39, 0, 0, 39, 0, 49, 50, 0, 0, 39, 0, 0, 39, 0, 39, 0, 0, 39, 0, 0, 50, 60, 0, 39, 0, 0, 39, 0, 0, 50, 60, 0, 15, 0, 0, 15, 0, 0, 48, 60, 0, 15, 0, 0, 15, 0, 0, 48, 60, 0, 39, 0, 0, 39, 0, 0, 50, 60, 0, 39, 0, 0, 39, 0, 0, 50, 60, 0, 15, 0, 0, 15, 0, 0, 48, 60, 0, 15, 0, 0, 15, 0, 0, 48, 60, 0, 53, 38, 0, 50, 60, 0, 50, 60, 0, 39, 0, 0, 50, 60, 0, 50, 60, 0, 51, 38, 0, 48, 60, 0, 48, 60, 0, 15, 0, 0, 48, 60, 0, 48, 60, 0, 53, 38, 0, 53, 38, 0, 50, 60, 0, 51, 38, 0, 51, 38, 0, 48, 60, 0, 53, 38, 0, 53, 38, 0, 56, 59, 0, 51, 38, 0, 51, 38, 0, 54, 59, 0, 53, 38, 0, 56, 59, 0, 56, 59, 0, 51, 38, 0, 54, 59, 0, 54, 59, 0, 56, 59, 0, 56, 59, 0, 58, 57, 0, 54, 59, 0, 54, 59, 0, 57, 57, 0, 56, 59, 0, 58, 57, 0, 58, 57, 0, 54, 59, 0, 57, 57, 0, 57, 57, 0, 58, 57, 0, 55, 54, 0, 58, 57, 0, 57, 57, 0, 59, 54, 0, 57, 57, 0, 58, 57, 0, 55, 54, 0, 55, 54, 0, 57, 57, 0, 59, 54, 0, 59, 54, 0, 55, 54, 0, 52, 51, 0, 55, 54, 0, 59, 54, 0, 38, 51, 0, 59, 54, 0, 55, 54, 0, 52, 51, 0, 52, 51, 0, 59, 54, 0, 38, 51, 0, 38, 51, 0, 52, 51, 0, 52, 51, 0, 49, 48, 0, 38, 51, 0, 38, 51, 0, 60, 48, 0, 52, 51, 0, 49, 48, 0, 49, 48, 0, 38, 51, 0, 60, 48, 0, 60, 48, 0, 49, 48, 0, 49, 48, 0, 0, 15, 0, 60, 48, 0, 60, 48, 0, 0, 15, 0, 49, 48, 0, 0, 15, 0, 0, 15, 0, 60, 48, 0, 0, 15, 0, 0, 15, 15, 0, 0, 15, 0, 0, 15, 0, 0, 15, 0, 0, 15, 0, 0, 15, 0, 0, 15, 0, 0, 15, 0, 0, 15, 0, 0, 15, 0, 0, 15, 0, 0, 15, 0, 0, 15, 0, 0, 15, 0, 0, 15, 0, 0, 15, 0, 0, 15, 0, 0, 15, 0, 0, 15, 0, 0, 15, 0, 0, 15, 0, 0, 15, 0, 0, 15, 0, 0, 15, 0, 0, 15, 0, 0, 15, 0, 0, 15, 0, 0, 15, 0, 0, 15, 0, 0, 15, 0, 0, 15, 0, 0, 15, 0, 0, 15, 0, 0, 15, 0, 0, 15, 0, 0, 15, 0, 0, 15, 0, 0, 15, 0, 0, 15, 0, 0, 15, 0, 0, 15, 0, 0, 15, 0, 0, 15, 0, 0, 15, 0, 0, 15, 0, 0, 15, 0, 0, 15, 0, 0, 15, 0, 0, 15, 0, 0, 15, 0, 0, 15, 0, 0, 15, 0, 0, 15, 0, 0, 15, 0, 0, 15, 0, 0, 15, 0, 0, 15, 0, 0, 15, 0, 0, 15, 0, 0, 15, 0, 0, 15, 0, 0, 15, 0, 0, 15, 0, 0, 15, 0, 0, 15, 0, 0, 15, 0, 0, 15, 0, 0, 15, 0, 0, 15, 0, 0, 15, 