{"colorsData": [{"duration": 576, "data": [0.49019607843137253, 0.49019607843137253, 0.49019607843137253]}], "precision": 2, "values": [0, -100, -71, -65, 27, 71, 65, -50, 50, -27, -5, -66, -25, 70, -10, 69, -15, 68, -20, -52, -47, -33, -62, 56, -43, -11, -70, 38, -59, 15, -69, 100, -7, -8, -94, -34, 99, -14, -76, -74, -67, -93, -36, 98, -22, -88, -48, 96, -29, -99, 80, -60, 20, -98, 54, -84, 79, -61, 52, -86, 21, -92, 92, -38, -24, -16, -54, -46, 36, 14, 200, 185, 77, 195, 42, -196, -185, -187, -72, -148, -134, -141, 141, -95, -176, -30, -198, -77, 160, -120, 108, -168, 199, 198, -200, 191, -58, -231, -250, -237, 250, 231, 212, 13, -212, -225, 25, 237, 225, -177, 177, -96, -233, -90, 247, 249, -18, 244, 239, -150, -118, -220, 136, -210, -37, -247, -244, -19, 5250, 3950, -235, 1350, 2650, -191, -162, -121, -219, -55, 49, -245, 197, -154, 129, -214, 5300, 5288, 5263, 5275, -188, -44, -152, -129, 158, -123, -97, -175, 103, -171, 40], "normalsIndex": [0, 0, 1, 0, 0, 1, 0, 0, 1, 0, 0, 1, 0, 0, 1, 0, 0, 1, 0, 0, 1, 0, 0, 1, 0, 0, 1, 0, 0, 1, 0, 0, 1, 0, 0, 1, 0, 0, 1, 0, 0, 1, 0, 0, 1, 0, 0, 1, 0, 0, 1, 0, 0, 1, 0, 0, 1, 0, 0, 1, 0, 0, 1, 0, 0, 1, 0, 0, 1, 0, 0, 1, 0, 0, 1, 0, 0, 1, 0, 0, 1, 0, 0, 1, 0, 0, 1, 0, 0, 1, 0, 0, 1, 0, 0, 1, 0, 0, 1, 0, 0, 1, 0, 0, 1, 0, 0, 1, 0, 0, 1, 0, 0, 1, 0, 0, 1, 0, 0, 1, 0, 0, 1, 0, 0, 1, 0, 0, 1, 0, 0, 1, 0, 0, 1, 0, 0, 1, 0, 0, 1, 0, 0, 1, 0, 0, 1, 0, 0, 1, 0, 0, 1, 0, 0, 1, 0, 0, 1, 0, 0, 1, 2, 0, 2, 3, 4, 2, 3, 4, 2, 2, 0, 2, 3, 4, 2, 2, 0, 2, 5, 0, 2, 6, 4, 2, 6, 4, 2, 5, 0, 2, 6, 4, 2, 5, 0, 2, 2, 0, 2, 2, 0, 2, 3, 4, 2, 2, 0, 2, 3, 4, 2, 2, 0, 2, 5, 0, 2, 5, 0, 2, 6, 4, 2, 5, 0, 2, 6, 4, 2, 5, 0, 2, 2, 0, 2, 2, 0, 2, 3, 4, 2, 5, 0, 2, 5, 0, 2, 6, 4, 2, 3, 4, 2, 7, 8, 2, 3, 4, 2, 6, 4, 2, 8, 8, 2, 6, 4, 2, 3, 4, 2, 7, 8, 2, 7, 8, 2, 6, 4, 2, 8, 8, 2, 8, 8, 2, 7, 8, 2, 9, 6, 2, 7, 8, 2, 8, 8, 2, 4, 6, 2, 8, 8, 2, 7, 8, 2, 9, 6, 2, 9, 6, 2, 8, 8, 2, 4, 6, 2, 4, 6, 2, 9, 6, 2, 0, 5, 2, 9, 6, 2, 4, 6, 2, 0, 5, 2, 4, 6, 2, 9, 6, 2, 0, 5, 2, 0, 5, 2, 4, 6, 2, 0, 5, 2, 0, 5, 2, 5, 0, 2, 5, 0, 2, 5, 10, 2, 5, 0, 2, 5, 0, 2, 5, 10, 2, 2, 0, 2, 11, 12, 2, 11, 12, 2, 2, 0, 2, 11, 12, 2, 2, 0, 2, 13, 14, 2, 5, 10, 2, 13, 14, 2, 5, 0, 2, 5, 10, 2, 5, 10, 2, 2, 0, 2, 2, 0, 2, 11, 12, 2, 2, 0, 2, 11, 12, 2, 2, 0, 2, 15, 16, 2, 13, 14, 2, 15, 16, 2, 5, 10, 2, 13, 14, 2, 5, 10, 2, 2, 0, 2, 2, 0, 2, 11, 12, 2, 15, 16, 2, 17, 18, 2, 17, 18, 2, 13, 14, 2, 15, 16, 2, 13, 14, 2, 11, 12, 2, 19, 20, 2, 11, 12, 2, 5, 10, 2, 5, 0, 2, 5, 0, 2, 5, 0, 2, 5, 0, 2, 5, 10, 2, 11, 12, 2, 19, 20, 2, 19, 20, 2, 15, 16, 2, 17, 18, 2, 15, 16, 2, 19, 20, 2, 21, 22, 2, 19, 20, 2, 17, 18, 2, 23, 24, 2, 17, 18, 2, 19, 20, 2, 21, 22, 2, 21, 22, 2, 17, 18, 2, 23, 24, 2, 23, 24, 2, 21, 22, 2, 25, 26, 2, 21, 22, 2, 23, 24, 2, 27, 28, 2, 23, 24, 2, 21, 22, 2, 25, 26, 2, 25, 26, 2, 23, 24, 2, 27, 28, 2, 27, 28, 2, 25, 26, 2, 29, 30, 2, 25, 26, 2, 27, 28, 2, 29, 30, 2, 27, 28, 2, 25, 26, 2, 29, 30, 2, 29, 30, 2, 27, 28, 2, 29, 30, 2, 29, 30, 2, 31, 0, 0, 31, 32, 0, 31, 33, 0, 31, 0, 0, 31, 33, 0, 31, 0, 0, 1, 0, 0, 1, 0, 0, 34, 35, 0, 1, 0, 0, 1, 0, 0, 34, 35, 0, 31, 32, 0, 36, 37, 0, 31, 33, 0, 31, 33, 0, 31, 0, 0, 31, 0, 0, 38, 3, 0, 39, 40, 0, 41, 42, 0, 1, 0, 0, 41, 42, 0, 34, 35, 0, 36, 16, 0, 36, 37, 0, 43, 44, 0, 31, 33, 0, 36, 16, 0, 36, 37, 0, 39, 40, 0, 20, 45, 0, 46, 45, 0, 38, 3, 0, 34, 35, 0, 41, 42, 0, 43, 44, 0, 47, 48, 0, 47, 48, 0, 36, 16, 0, 43, 44, 0, 43, 44, 0, 37, 49, 0, 46, 45, 0, 20, 45, 0, 39, 40, 0, 38, 3, 0, 46, 45, 0, 50, 51, 0, 47, 48, 0, 47, 48, 0, 43, 44, 0, 43, 44, 0, 47, 48, 0, 37, 49, 0, 52, 53, 0, 16, 49, 0, 37, 49, 0, 16, 49, 0, 20, 45, 0, 50, 51, 0, 54, 55, 0, 56, 57, 0, 58, 59, 0, 56, 57, 0, 54, 55, 0, 60, 53, 0, 16, 49, 0, 52, 53, 0, 58, 59, 0, 60, 53, 0, 54, 55, 0, 60, 53, 0, 58, 59, 0, 52, 53, 0, 50, 51, 0, 56, 57, 0, 47, 48, 0, 34, 35, 0, 1, 0, 0, 1, 0, 0, 31, 33, 0, 31, 0, 0, 31, 0, 0, 31, 0, 0, 31, 0, 0, 31, 33, 0, 1, 0, 0, 1, 0, 0, 34, 35, 0, 61, 27, 0, 61, 27, 0, 2, 5, 0, 1, 0, 0, 61, 27, 0, 1, 0, 0, 62, 27, 0, 31, 0, 0, 62, 27, 0, 31, 0, 0, 62, 27, 0, 31, 0, 0, 61, 27, 0, 2, 5, 0, 2, 5, 0, 61, 27, 0, 1, 0, 0, 1, 0, 0, 5, 5, 0, 62, 27, 0, 62, 27, 0, 5, 5, 0, 5, 5, 0, 62, 27, 0, 63, 62, 0, 2, 5, 0, 2, 5, 0, 61, 27, 0, 1, 0, 0, 61, 27, 0, 5, 5, 0, 27, 62, 0, 5, 5, 0, 27, 62, 0, 5, 5, 0, 27, 62, 0, 63, 62, 0, 0, 31, 0, 63, 62, 0, 63, 62, 0, 63, 62, 0, 2, 5, 0, 27, 62, 0, 0, 31, 0, 27, 62, 0, 0, 31, 0, 27, 62, 0, 0, 31, 0, 62, 27, 0, 31, 0, 0, 31, 0, 0, 0, 31, 0, 63, 62, 0, 0, 31, 0, 62, 27, 0, 31, 0, 0, 31, 0, 0, 61, 27, 0, 1, 0, 0, 1, 0, 0, 61, 27, 0, 1, 0, 0, 1, 0, 0, 62, 27, 0, 31, 0, 0, 31, 0, 0, 2, 0, 5, 3, 4, 5, 3, 4, 5, 2, 0, 5, 3, 4, 5, 2, 0, 5, 5, 0, 5, 6, 4, 5, 6, 4, 5, 5, 0, 5, 6, 4, 5, 5, 0, 5, 2, 0, 5, 2, 0, 5, 3, 4, 5, 2, 0, 5, 3, 4, 5, 2, 0, 5, 5, 0, 5, 5, 0, 5, 6, 4, 5, 5, 0, 5, 6, 4, 5, 5, 0, 5, 2, 0, 5, 2, 0, 5, 3, 4, 5, 5, 0, 5, 5, 0, 5, 6, 4, 5, 3, 4, 5, 7, 8, 5, 3, 4, 5, 6, 4, 5, 6, 4, 5, 8, 8, 5, 3, 4, 5, 7, 8, 5, 7, 8, 5, 6, 4, 5, 8, 8, 5, 8, 8, 5, 7, 8, 5, 9, 6, 5, 7, 8, 5, 8, 8, 5, 4, 6, 5, 8, 8, 5, 7, 8, 5, 9, 6, 5, 9, 6, 5, 8, 8, 5, 4, 6, 5, 4, 6, 5, 9, 6, 5, 0, 5, 5, 9, 6, 5, 4, 6, 5, 0, 5, 5, 4, 6, 5, 9, 6, 5, 0, 5, 5, 0, 5, 5, 4, 6, 5, 0, 5, 5, 0, 5, 5, 5, 10, 5, 13, 25, 5, 5, 10, 5, 5, 0, 5, 5, 10, 5, 5, 0, 5, 2, 0, 5, 11, 64, 5, 11, 64, 5, 2, 0, 5, 11, 64, 5, 2, 0, 5, 13, 25, 5, 15, 65, 5, 13, 25, 5, 5, 10, 5, 5, 0, 5, 5, 0, 5, 2, 0, 5, 2, 0, 5, 11, 64, 5, 2, 0, 5, 11, 64, 5, 2, 0, 5, 15, 65, 5, 13, 25, 5, 15, 65, 5, 5, 0, 5, 5, 0, 5, 5, 10, 5, 2, 0, 5, 2, 0, 5, 11, 64, 5, 15, 65, 5, 17, 18, 5, 17, 18, 5, 13, 25, 5, 5, 10, 5, 13, 25, 5, 11, 64, 5, 66, 67, 5, 11, 64, 5, 5, 10, 5, 5, 0, 5, 5, 10, 5, 5, 10, 5, 5, 0, 5, 5, 0, 5, 11, 64, 5, 66, 67, 5, 66, 67, 5, 15, 65, 5, 17, 18, 5, 15, 65, 5, 66, 67, 5, 35, 22, 5, 66, 67, 5, 17, 18, 5, 23, 24, 5, 17, 18, 5, 66, 67, 5, 35, 22, 5, 35, 22, 5, 17, 18, 5, 23, 24, 5, 23, 24, 5, 35, 22, 5, 14, 26, 5, 35, 22, 5, 23, 24, 5, 68, 57, 5, 23, 24, 5, 35, 22, 5, 14, 26, 5, 14, 26, 5, 23, 24, 5, 68, 57, 5, 68, 57, 5, 14, 26, 5, 69, 30, 5, 14, 26, 5, 68, 57, 5, 69, 30, 5, 68, 57, 5, 14, 26, 5, 69, 30, 5, 69, 30, 5, 68, 57, 5, 69, 30, 5, 69, 30, 5, 0, 0, 31, 0, 0, 31, 0, 0, 31, 0, 0, 31, 0, 0, 31, 0, 0, 31, 0, 0, 31, 0, 0, 31, 0, 0, 31, 0, 0, 31, 0, 0, 31, 0, 0, 31, 0, 0, 31, 0, 0, 31, 0, 0, 31, 0, 0, 31, 0, 0, 31, 0, 0, 31, 0, 0, 31, 0, 0, 31, 0, 0, 31, 0, 0, 31, 0, 0, 31, 0, 0, 31, 0, 0, 31, 0, 0, 31, 0, 0, 31, 0, 0, 31, 0, 0, 31, 0, 0, 31, 0, 0, 31, 0, 0, 31, 0, 0, 31, 0, 0, 31, 0, 0, 31, 0, 0, 31, 0, 0, 31, 0, 0, 31, 0, 0, 31, 0, 0, 31, 0, 0, 31, 0, 0, 31, 0, 0, 31, 0, 0, 31, 0, 0, 31, 0, 0, 31, 0, 0, 31, 0, 0, 31, 0, 0, 31, 0, 0, 31, 0, 0, 31, 0, 0, 31, 0, 0, 31, 0, 0, 31],