{"colorsData": [{"duration": 840, "data": [0.49019607843137253, 0.49019607843137253, 0.49019607843137253]}], "precision": 2, "values": [0, -100, 98, -20, 100, -98, 92, -38, -92, -83, -56, 71, -71, 56, 38, 20, 83, 2772, 1148, -1148, 2942, -585, 2494, -1667, 2079, -861, 2121, -2121, -2772, 585, -2942, 861, -2079, -439, -2207, -3000, -2494, 1667, 3000, 439, 2207, 2250, 1871, -1250, -1871, 1250, -1591, 1591, -2250, 6150, 1538, 4613, 3075], "normalsIndex": [0, 1, 0, 0, 1, 0, 0, 1, 0, 0, 1, 0, 0, 1, 0, 0, 1, 0, 0, 1, 0, 0, 1, 0, 0, 1, 0, 0, 1, 0, 0, 1, 0, 0, 1, 0, 0, 1, 0, 0, 1, 0, 0, 1, 0, 0, 1, 0, 0, 1, 0, 0, 1, 0, 0, 1, 0, 0, 1, 0, 0, 1, 0, 0, 1, 0, 0, 1, 0, 0, 1, 0, 0, 1, 0, 0, 1, 0, 0, 1, 0, 0, 1, 0, 0, 1, 0, 0, 1, 0, 0, 1, 0, 0, 1, 0, 0, 1, 0, 0, 1, 0, 0, 1, 0, 0, 1, 0, 0, 1, 0, 0, 1, 0, 0, 1, 0, 0, 1, 0, 0, 1, 0, 0, 1, 0, 0, 1, 0, 0, 1, 0, 0, 1, 0, 0, 1, 0, 0, 1, 0, 0, 1, 0, 0, 1, 0, 0, 1, 0, 0, 1, 0, 0, 1, 0, 0, 1, 0, 0, 1, 0, 0, 1, 0, 0, 1, 0, 0, 1, 0, 0, 1, 0, 0, 1, 0, 0, 1, 0, 0, 1, 0, 0, 1, 0, 0, 1, 0, 0, 1, 0, 0, 1, 0, 0, 1, 0, 0, 1, 0, 0, 1, 0, 0, 1, 0, 0, 1, 0, 0, 1, 0, 0, 1, 0, 0, 1, 0, 0, 1, 0, 0, 1, 0, 0, 1, 0, 0, 1, 0, 0, 1, 0, 0, 1, 0, 0, 1, 0, 0, 1, 0, 0, 1, 0, 0, 1, 0, 0, 1, 0, 0, 1, 0, 0, 1, 0, 0, 1, 0, 0, 1, 0, 0, 1, 0, 0, 1, 0, 0, 1, 0, 0, 1, 0, 0, 1, 0, 0, 1, 0, 0, 1, 0, 0, 1, 0, 0, 1, 0, 0, 1, 0, 0, 1, 0, 0, 1, 0, 0, 1, 0, 0, 1, 0, 0, 1, 0, 0, 1, 0, 0, 1, 0, 0, 1, 0, 0, 1, 0, 0, 1, 0, 0, 1, 0, 0, 1, 0, 0, 1, 0, 0, 1, 0, 0, 1, 0, 0, 1, 0, 0, 1, 0, 0, 1, 0, 0, 1, 0, 0, 1, 0, 0, 1, 0, 0, 1, 0, 0, 1, 0, 0, 1, 0, 0, 1, 0, 0, 1, 0, 0, 1, 0, 0, 1, 0, 0, 1, 0, 0, 1, 0, 0, 1, 0, 0, 1, 0, 0, 1, 0, 0, 1, 0, 0, 1, 0, 0, 1, 0, 0, 1, 0, 0, 1, 0, 0, 1, 0, 0, 1, 0, 0, 1, 0, 0, 1, 0, 0, 1, 0, 0, 1, 0, 0, 1, 0, 0, 1, 0, 0, 1, 0, 0, 1, 0, 0, 1, 0, 0, 1, 0, 0, 1, 0, 0, 1, 0, 0, 1, 0, 0, 1, 0, 0, 1, 0, 0, 1, 0, 0, 1, 0, 0, 1, 0, 0, 1, 0, 0, 1, 0, 0, 1, 0, 0, 1, 0, 0, 1, 0, 0, 1, 0, 0, 1, 0, 0, 1, 0, 0, 1, 0, 0, 1, 0, 0, 1, 0, 0, 1, 0, 0, 1, 0, 0, 1, 0, 0, 1, 0, 0, 1, 0, 0, 1, 0, 0, 1, 0, 0, 1, 0, 0, 1, 0, 0, 1, 0, 0, 1, 0, 0, 1, 0, 0, 1, 0, 0, 1, 0, 0, 1, 0, 0, 1, 0, 0, 1, 0, 0, 1, 0, 0, 1, 0, 0, 1, 0, 0, 1, 0, 0, 1, 0, 0, 1, 0, 0, 1, 0, 0, 1, 0, 2, 0, 3, 4, 0, 0, 2, 0, 3, 4, 0, 0, 2, 0, 3, 4, 0, 0, 1, 0, 0, 5, 0, 3, 5, 0, 3, 1, 0, 0, 5, 0, 3, 1, 0, 0, 2, 0, 3, 6, 0, 7, 6, 0, 7, 2, 0, 3, 4, 0, 0, 4, 0, 0, 5, 0, 3, 8, 0, 7, 5, 0, 3, 9, 0, 10, 8, 0, 7, 9, 0, 10, 11, 0, 12, 11, 0, 12, 13, 0, 9, 4, 0, 0, 4, 0, 0, 2, 0, 3, 8, 0, 7, 5, 0, 3, 8, 0, 7, 9, 0, 10, 12, 0, 12, 9, 0, 10, 13, 0, 9, 13, 0, 9, 14, 0, 8, 2, 0, 3, 2, 0, 3, 6, 0, 7, 8, 0, 7, 9, 0, 10, 8, 0, 7, 12, 0, 12, 9, 0, 10, 12, 0, 12, 14, 0, 8, 15, 0, 5, 14, 0, 8, 6, 0, 7, 6, 0, 7, 16, 0, 10, 12, 0, 12, 10, 0, 9, 12, 0, 12, 10, 0, 9, 12, 0, 12, 10, 0, 9, 15, 0, 5, 14, 0, 8, 15, 0, 5, 6, 0, 7, 16, 0, 10, 16, 0, 10, 1, 0, 0, 1, 0, 0, 5, 0, 3, 10, 0, 9, 7, 0, 8, 10, 0, 9, 0, 0, 1, 15, 0, 5, 0, 0, 1, 16, 0, 10, 11, 0, 12, 11, 0, 12, 3, 0, 5, 7, 0, 8, 3, 0, 5, 10, 0, 9, 7, 0, 8, 7, 0, 8, 0, 0, 1, 3, 0, 5, 0, 0, 1, 11, 0, 12, 13, 0, 9, 13, 0, 9, 15, 0, 5, 0, 0, 1, 15, 0, 5, 7, 0, 8, 3, 0, 5, 7, 0, 8, 13, 0, 9, 14, 0, 8, 14, 0, 8, 3, 0, 5, 0, 0, 1, 3, 0, 5, 2, 0, 3, 4, 0, 0, 4, 0, 0, 5, 0, 3, 1, 0, 0, 1, 0, 0, 5, 0, 3, 1, 0, 0, 1, 0, 0, 16, 0, 10, 16, 0, 10, 11, 0, 12, 0, 4, 0, 0, 4, 0, 0, 4, 0, 0, 4, 0, 0, 4, 0, 0, 4, 0, 0, 4, 0, 0, 4, 0, 0, 4, 0, 0, 4, 0, 0, 4, 0, 0, 4, 0, 0, 4, 0, 0, 4, 0, 0, 4, 0, 0, 4, 0, 0, 4, 0, 0, 4, 0, 0, 4, 0, 0, 4, 0, 0, 4, 0, 0, 4, 0, 0, 4, 0, 0, 4, 0, 0, 4, 0, 0, 4, 0, 0, 4, 0, 0, 4, 0, 0, 4, 0, 0, 4, 0, 0, 4, 0, 0, 4, 0, 0, 4, 0, 0, 4, 0, 0, 4, 0, 0, 4, 0, 0, 4, 0, 0, 4, 0, 0, 4, 0, 0, 4, 0, 0, 4, 0, 0, 4, 0, 0, 4, 0, 0, 4, 0, 0, 4, 0, 0, 4, 0, 0, 4, 0, 0, 4, 0, 0, 4, 0, 0, 4, 0, 0, 4, 0, 0, 4, 0, 0, 4, 0, 0, 4, 0, 0, 4, 0, 0, 4, 0, 0, 4, 0, 0, 4, 0, 0, 4, 0, 0, 4, 0, 0, 4, 0, 0, 4, 0, 0, 4, 0, 0, 4, 0, 0, 4, 0, 0, 4, 0, 0, 4, 0, 0, 4, 0, 0, 4, 0, 0, 4, 0, 0, 4, 0, 0, 4, 0, 0, 4, 0, 0, 4, 0, 0, 4, 0, 0, 4, 0, 0, 4, 0, 0, 4, 0, 0, 4, 0, 0, 4, 0, 0, 4, 0, 0, 4, 0, 0, 4, 0, 0, 4, 0, 0, 4, 0, 0, 4, 0, 0, 4, 0, 0, 4, 0, 0, 4, 0, 0, 4, 0, 0, 4, 0, 0, 4, 0, 0, 4, 0, 0, 4, 0, 0, 4, 0, 0, 4, 0, 0, 4, 0, 0, 4, 0, 0, 4, 0, 0, 4, 0, 0, 4, 0, 0, 4, 0, 0, 4, 0, 0, 4, 0, 0, 4, 0, 0, 4, 0, 0, 4, 0, 0, 4, 0, 0, 4, 0, 0, 4, 0, 0, 4, 0, 0, 4, 0, 0, 4, 0, 0, 4, 0, 0, 4, 0, 0, 4, 0, 0, 4, 0, 0, 4, 0, 0, 4, 0, 0, 4, 0, 0, 4, 0, 0, 4, 0, 0, 4, 0, 0, 4, 0, 0, 4, 0, 0, 4, 0, 0, 4, 0, 0, 4, 0, 0, 4, 0, 0, 4, 0, 0, 4, 0, 0, 4, 0, 0, 4, 0, 0, 4, 0, 0, 4, 0, 0, 4, 0, 0, 4, 0, 0, 4, 0, 0, 4, 0, 0, 4, 0, 0, 4, 0, 0, 4, 0, 0, 4, 0, 0, 4, 0, 0, 4, 0, 0, 4, 0, 0, 4, 0, 0, 4, 0, 0, 4, 0, 0, 4, 0, 0, 4, 0, 0, 4, 0, 0, 4, 0, 0, 4, 0, 0, 4, 0, 0, 4, 0, 0, 4, 0, 0, 4, 0, 0, 4, 0, 0, 4, 0, 0, 4, 0, 0, 4, 0, 0, 4, 0, 0, 4, 0, 0, 4, 0, 0, 4, 0, 0, 4, 0, 0, 4, 0, 0, 4, 0, 0, 4, 0, 0, 4, 0, 0, 4, 0, 0, 4, 0, 0, 4, 0, 0, 4, 0, 0, 4, 0, 0, 4, 0, 0, 4, 0, 0, 4, 0, 0, 4, 0, 0, 4, 0, 0, 4, 0, 0, 4, 0, 0, 4, 0, 0, 4, 0, 0, 4, 0, 0, 4, 0, 0, 4, 0, 0, 4, 0, 0, 4, 0, 0, 4, 0, 0, 4, 0, 5, 0, 15, 1, 0, 0, 5, 0, 15, 1, 0, 0, 5, 0, 15, 1, 0, 0, 4, 0, 0, 2, 0, 15, 2, 0, 15, 4, 0, 0, 2, 0, 15, 4, 0, 0, 5, 0, 15, 8, 0, 14, 8, 0, 14, 5, 0, 15, 1, 0, 0, 1, 0, 0, 2, 0, 15, 6, 0, 14, 2, 0, 15, 16, 0, 13, 6, 0, 14, 16, 0, 13, 12, 0, 11, 12, 0, 11, 10, 0, 16, 1, 0, 0, 1, 0, 0, 5, 0, 15, 6, 0, 14, 2, 0, 15, 6, 0, 14, 16, 0, 13, 11, 0, 11, 16, 0, 13, 10, 0, 16, 10, 0, 16, 7, 0, 6, 5, 0, 15, 5, 0, 15, 8, 0, 14, 6, 0, 14, 16, 0, 13, 6, 0, 14, 11, 0, 11, 16, 0, 13, 11, 0, 11, 7, 0, 6, 3, 0, 2, 7, 0, 6, 8, 0, 14, 8, 0, 14, 9, 0, 13, 11, 0, 11, 13, 0, 16, 11, 0, 11, 13, 0, 16, 11, 0, 11, 13, 0, 16, 3, 0, 2, 7, 0, 6, 3, 0, 2, 8, 0, 14, 9, 0, 13, 9, 0, 13, 4, 0, 0, 4, 0, 0, 2, 0, 15, 13, 0, 16, 14, 0, 6, 13, 0, 16, 0, 0, 4, 3, 0, 2, 0, 0, 4, 9, 0, 13, 12, 0, 11, 12, 0, 11, 15, 0, 2, 14, 0, 6, 15, 0, 2, 13, 0, 16, 14, 0, 6, 14, 0, 6, 0, 0, 4, 15, 0, 2, 0, 0, 4, 12, 0, 11, 10, 0, 16, 10, 0, 16, 3, 0, 2, 0, 0, 4, 3, 0, 2, 14, 0, 6, 15, 0, 2, 14, 0, 6, 10, 0, 16, 7, 0, 6, 7, 0, 6, 15, 0, 2, 0, 0, 4, 15, 0, 2, 5, 0, 15, 1, 0, 0, 1, 0, 0, 2, 0, 15, 4, 0, 0, 4, 0, 0, 2, 0, 15, 4, 0, 0, 4, 0, 0, 9, 0, 13, 9, 0, 13, 12, 0, 11, 4, 0, 0, 2, 0, 3, 4, 0, 0, 1, 0, 0, 5, 0, 3, 5, 0, 3, 1, 0, 0, 5, 0, 3, 1, 0, 0, 2, 0, 3, 4, 0, 0, 2, 0, 3, 2, 0, 3, 4, 0, 0, 4, 0, 0, 5, 0, 3, 8, 0, 7, 5, 0, 3, 9, 0, 10, 8, 0, 7, 9, 0, 10, 6, 0, 7, 2, 0, 3, 6, 0, 7, 4, 0, 0, 4, 0, 0, 2, 0, 3, 8, 0, 7, 5, 0, 3, 8, 0, 7, 12, 0, 12, 9, 0, 10, 9, 0, 10, 11, 0, 12, 13, 0, 9, 11, 0, 12, 2, 0, 3, 6, 0, 7, 2, 0, 3, 8, 0, 7, 9, 0, 10, 8, 0, 7, 12, 0, 12, 12, 0, 12, 9, 0, 10, 14, 0, 8, 13, 0, 9, 14, 0, 8, 6, 0, 7, 16, 0, 10, 6, 0, 7, 12, 0, 12, 10, 0, 9, 12, 0, 12, 10, 0, 9, 12, 0, 12, 10, 0, 9, 14, 0, 8, 15, 0, 5, 14, 0, 8, 16, 0, 10, 6, 0, 7, 16, 0, 10, 1, 0, 0, 1, 0, 0, 5, 0, 3, 10, 0, 9, 7, 0, 8, 10, 0, 9, 15, 0, 5, 14, 0, 8, 15, 0, 5, 16, 0, 10, 11, 0, 12, 11, 0, 12, 7, 0, 8, 7, 0, 8, 3, 0, 5, 10, 0, 9, 7, 0, 8, 7, 0, 8, 0, 0, 1, 15, 0, 5, 0, 0, 1, 13, 0, 9, 11, 0, 12, 13, 0, 9, 15, 0, 5, 0, 0, 1, 15, 0, 5, 7, 0, 8, 3, 0, 5, 3, 0, 5, 0, 0, 1, 3, 0, 5, 0, 0, 1, 13, 0, 9, 14, 0, 8, 13, 0, 9, 3, 0, 5, 0, 0, 1, 3, 0, 5, 2, 0, 3, 4, 0, 0, 4, 0, 0, 5, 0, 3, 1, 0, 0, 1, 0, 0, 5, 0, 3, 1, 0, 0, 1, 0, 0, 16, 0, 10, 16, 0, 10, 11, 0, 12, 1, 0, 0, 5, 0, 15, 1, 0, 0, 4, 0, 0, 2, 0, 15, 2, 0, 15, 4, 0, 0, 2, 0, 15, 4, 0, 0, 5, 0, 15, 1, 0, 0, 5, 0, 15, 5, 0, 15, 1, 0, 0, 1, 0, 0, 2, 0, 15, 6, 0, 14, 2, 0, 15, 16, 0, 13, 6, 0, 14, 16, 0, 13, 8, 0, 14, 5, 0, 15, 8, 0, 14, 1, 0, 0, 1, 0, 0, 5, 0, 15, 6, 0, 14, 2, 0, 15, 6, 0, 14, 16, 0, 13, 11, 0, 11, 16, 0, 13, 12, 0, 11, 10, 0, 16, 12, 0, 11, 5, 0, 15, 8, 0, 14, 5, 0, 15, 6, 0, 14, 16, 0, 13, 6, 0, 14, 11, 0, 11, 16, 0, 13, 11, 0, 11, 7, 0, 6, 10, 0, 16, 7, 0, 6, 8, 0, 14, 9, 0, 13, 8, 0, 14, 11, 0, 11, 13, 0, 16, 11, 0, 11, 13, 0, 16, 11, 0, 11, 13, 0, 16, 7, 0, 6, 3, 0, 2, 7, 0, 6, 9, 0, 13, 8, 0, 14, 9, 0, 13, 4, 0, 0, 4, 0, 0, 2, 0, 15, 13, 0, 16, 13, 0, 16, 14, 0, 6, 3, 0, 2, 7, 0, 6, 3, 0, 2, 9, 0, 13, 12, 0, 11, 12, 0, 11, 14, 0, 6, 14, 0,